r_km,r_over_Rsun,rho_g_cm3,Ye,Vcc_km_inv
0.0,0.0,245.0,0.7,0.06570515584700043
696.3963963963964,0.001001001001001001,242.42870326496472,0.6999936659459742,0.06501498610430387
1392.7927927927929,0.002002002002002002,239.88439251727473,0.6999820845897841,0.06433158367729512
2089.189189189189,0.003003003003003003,237.36678453659883,0.6999670872898287,0.06365505414399236
2785.5855855855857,0.004004004004004004,234.8755990750283,0.6999493275677943,0.06298539058361559
3481.9819819819822,0.005005005005005005,232.41055882588105,0.6999291831231268,0.062322559635474145
4178.378378378378,0.006006006006006006,229.97138939283323,0.6999069087978027,0.06166651632499036
4874.774774774775,0.007007007007007008,227.55781925937478,0.6998826916777998,0.06101720946722581
5571.171171171171,0.008008008008008008,225.16957975858546,0.6998566767182726,0.06037458420645229
6267.5675675675675,0.009009009009009009,222.80640504322824,0.6998289805413058,0.059738583396679604
6963.9639639639645,0.01001001001001001,220.4680320561564,0.699799699624562,0.0591091484279084
7660.360360360361,0.011011011011011011,218.15420050103128,0.6997689155133436,0.05848621975581659
8356.756756756757,0.012012012012012012,215.86465281334748,0.6997366983186301,0.05786973725927533
9053.153153153153,0.013013013013013013,213.59913413176182,0.6997031091645737,0.05725964049148449
9749.54954954955,0.014014014014014016,211.3573922697236,0.6996682019595307,0.05665586886205695
10445.945945945947,0.015015015015015017,209.1391776874023,0.6996320247136667,0.056058361772451146
11142.342342342343,0.016016016016016016,206.9442434639101,0.6995946205423546,0.05546705871882206
11838.738738738739,0.01701701701701702,204.77234526981582,0.6995560284456317,0.054881899371471955
12535.135135135135,0.018018018018018018,202.6232413399473,0.69951628392417,0.054302823637089104
13231.531531531533,0.01901901901901902,200.49669244647924,0.6994754194733811,0.05372977170806191
13927.927927927929,0.02002002002002002,198.3924618723037,0.6994334649850142,0.05316268410191263
14624.324324324325,0.021021021021021023,196.3103153846797,0.6993904480773961,0.05260150169305699
15320.720720720721,0.022022022022022022,194.25002120915985,0.6993463943698333,0.05204616573851981
16017.117117117117,0.023023023023023025,192.21135000378985,0.6993013277127621,0.051496617898831025
16713.513513513513,0.024024024024024024,190.19407483357975,0.699255270382422,0.050952800255035166
17409.90990990991,0.025025025025025027,188.19797114524243,0.6992082432467863,0.05041465532253602
18106.306306306305,0.026026026026026026,186.22281674219744,0.6991602659079916,0.0498821260623401
18802.702702702703,0.02702702702702703,184.26839175983707,0.6991113568253764,0.04935515589014546
19499.0990990991,0.02802802802802803,182.33447864105227,0.6990615334223991,0.04883368868363238
20195.495495495496,0.02902902902902903,180.42086211201516,0.6990108121800536,0.048317668788243284
20891.891891891893,0.030030030030030033,178.52732915821565,0.6989592087188988,0.047807041021686036
21588.288288288288,0.03103103103103103,176.65366900074997,0.6989067378714259,0.04730175067735218
22284.684684684686,0.03203203203203203,174.7996730728576,0.6988534137461808,0.046801743526808805
22981.081081081084,0.03303303303303304,172.96513499670462,0.698799249784811,0.04630696582149547
23677.477477477478,0.03403403403403404,171.1498505604109,0.6987442588130091,0.045817364293736715
24373.873873873876,0.035035035035035036,169.353617695318,0.6986884530861704,0.04533288615716276
25070.27027027027,0.036036036036036036,167.57623645349602,0.6986318443304468,0.04485347910661714
25766.666666666668,0.03703703703703704,165.81750898548628,0.6985744437797786,0.044379091317618066
26463.063063063066,0.03803803803803804,164.07723951827785,0.6985162622093976,0.04390967144543063
27159.45945945946,0.03903903903903904,162.3552343335148,0.6984573099662202,0.04344516862379894
27855.855855855858,0.04004004004004004,160.65130174593253,0.6983975969964961,0.04298553246338077
28552.252252252252,0.04104104104104104,158.96525208202036,0.6983371328710176,0.04253071304992106
29248.64864864865,0.042042042042042045,157.29689765890785,0.6982759268081662,0.042080660942196375
29945.045045045048,0.043043043043043044,155.64605276347305,0.6982139876950226,0.041635327169758214
30641.441441441442,0.044044044044044044,154.01253363166958,0.6981513241067496,0.04119466323049911
31337.83783783784,0.04504504504504505,152.39615842807112,0.6980879443244233,0.04075862108806356
32034.234234234234,0.04604604604604605,150.79674722563018,0.6980238563514681,0.040327153169121874
32730.630630630632,0.04704704704704705,149.2141219856498,0.6979590679288346,0.03990021236052432
33427.02702702703,0.04804804804804805,147.64810653796462,0.6978935865490404,0.03947775200634954
34123.423423423425,0.049049049049049054,146.0985265613311,0.6978274194691818,0.039059725904861016
34819.81981981982,0.05005005005005005,144.56520956402247,0.6977605737230096,0.03864608830538272
35516.21621621622,0.05105105105105106,143.04798486462792,0.6976930561321566,0.03823679390510455
36212.61261261261,0.05205205205205205,141.54668357305326,0.6976248733165896,0.03783179784582677
36909.00900900901,0.05305305305305305,140.06113857172076,0.6975560317043544,0.037431055710651785
37605.40540540541,0.05405405405405406,138.5911844969665,0.6974865375406741,0.03703452352063061
38301.801801801805,0.055055055055055056,137.13665772063294,0.6974163968964544,0.03664215773137088
38998.1981981982,0.05605605605605606,135.6973963318545,0.6973456156762458,0.03625391522961229
39694.59459459459,0.057057057057057055,134.27324011903457,0.6972741996257047,0.035869753329774934
40390.99099099099,0.05805805805805806,132.86403055201137,0.6972021543385951,0.035489629770485386
41087.38738738739,0.05905905905905906,131.4696107644113,0.6971294852633656,0.03511350271108523
41783.78378378379,0.060060060060060066,130.08982553618722,0.697056197709334,0.03474133072812557
42480.180180180185,0.061061061061061066,128.72452127634025,0.6969822968525103,0.034373072811851604
43176.576576576575,0.06206206206206206,127.3735460058226,0.6969077877410833,0.03400868836268024
43872.97297297297,0.06306306306306306,126.03674934061999,0.6968326753005969,0.03364813718767397
44569.36936936937,0.06406406406406406,124.71398247501182,0.6967569643388369,0.03329137949701352
45265.76576576577,0.06506506506506507,123.40509816500673,0.6966806595504506,0.032938375900471974
45962.16216216217,0.06606606606606608,122.10995071195207,0.6966037655213146,0.03258908740389227
46658.55855855856,0.06706706706706707,120.8283959463155,0.6965262867326726,0.032243475405670526
47354.954954954956,0.06806806806806807,119.56029121163665,0.696448227565054,0.031901501693246695
48051.35135135135,0.06906906906906907,118.30549534864748,0.6963695923019912,0.03156312843960451
48747.74774774775,0.07007007007007007,117.06386867955887,0.6962903851335474,0.031228318199782005
49444.14414414415,0.07107107107107108,115.83527299251254,0.6962106101596669,0.030897033907394317
50140.54054054054,0.07207207207207207,114.61957152619594,0.6961302713933606,0.030569238871169715
50836.93693693694,0.07307307307307308,113.41662895461857,0.6960493727637347,0.030244896771500315
51533.333333333336,0.07407407407407408,112.22631137204829,0.6959679181188754,0.02992397165700835
52229.729729729734,0.07507507507507508,111.04848627810543,0.6958859112285947,0.02960642794112902
52926.12612612613,0.07607607607607608,109.88302256301357,0.6958033557870491,0.029292230398710782
53622.52252252252,0.07707707707707707,108.72979049300508,0.6957202554152371,0.028981344162633964
54318.91891891892,0.07807807807807808,107.58866169587961,0.6956366136633818,0.028673734720448218
55015.31531531532,0.07907907907907909,106.45950914671458,0.6955524340132077,0.028369367911029765
55711.711711711716,0.08008008008008008,105.34220715372517,0.6954677198801147,0.028068209921258698
56408.108108108114,0.08108108108108109,104.23663134427298,0.695382474615258,0.027770227282717098
57104.504504504504,0.08208208208208208,103.14265865102153,0.6952967015075376,0.02747538686840845
57800.9009009009,0.08308308308308308,102.06016729823692,0.6952104037855015,0.02718365588949857
58497.2972972973,0.08408408408408409,100.98903678823237,0.6951235846191697,0.026895001892078718
59193.6936936937,0.0850850850850851,99.92914788795505,0.6950362471217818,0.02660939275395109
59890.090090090096,0.08608608608608609,98.88038261571361,0.6949483943514715,0.026326796681436927
60586.48648648649,0.08708708708708708,97.84262422804494,0.6948600293128737,0.026047182206207692
61282.882882882885,0.08808808808808809,96.81575720671898,0.6947711549586664,0.02577051818213945
61979.27927927928,0.0890890890890891,95.79966724587977,0.6946817741910509,0.025496773782190674
62675.67567567568,0.0900900900900901,94.79424123932141,0.6945918898631741,0.025225918495303652
63372.07207207208,0.0910910910910911,93.79936726789768,0.6945015047804948,0.02495792212332967
64068.46846846847,0.0920920920920921,92.81493458706372,0.6944106217020974,0.024692754777978082
64764.86486486487,0.09309309309309309,91.8408336145485,0.6943192433419564,0.024430386877789447
65461.261261261265,0.0940940940940941,90.87695591815663,0.6942273723701513,0.024170789145132692
66157.65765765766,0.0950950950950951,89.92319420369824,0.6941350114140379,0.02391393260322649
66854.05405405405,0.0960960960960961,88.97944230304554,0.6940421630593758,0.02365978857318486
67550.45045045046,0.09709709709709712,88.04559516231458,0.693948829851414,0.02340832867108699
68246.84684684685,0.09809809809809811,87.12154883017132,0.6938550142959383,0.023159524805071392
68943.24324324324,0.0990990990990991,86.20720044626016,0.6937607188602802,0.022913349172454304
69639.63963963964,0.1001001001001001,85.30244822975403,0.6936659459742909,0.022669774256872364
70336.03603603604,0.1011011011011011,84.40719146802472,0.6935706980312806,0.02242877282544958
71032.43243243244,0.10210210210210212,83.5213305054319,0.6934749773889249,0.022190317925988478
71728.82882882883,0.10310310310310311,82.64476673223021,0.6933787863701412,0.021954382884185525
72425.22522522522,0.1041041041041041,81.77740257359211,0.6932821272639338,0.02172094130087054
73121.62162162163,0.10510510510510511,80.91914147874662,0.6931850023262113,0.021489967049270305
73818.01801801802,0.1061061061061061,80.06988791023169,0.6930874137805766,0.021261434272296185
74514.41441441442,0.10710710710710712,79.22954733325935,0.6929893638190907,0.021035317379855548
75210.81081081081,0.10810810810810811,78.39802620519269,0.6928908546030116,0.020811591046187204
75907.2072072072,0.1091091091091091,77.57523196513301,0.6927918882635082,0.020590230207220436
76603.60360360361,0.11011011011011011,76.76107302361646,0.6926924669023534,0.020371210057957813
77300.0,0.1111111111111111,75.95545875241879,0.6925925925925925,0.020154506049881497
77996.3963963964,0.11211211211211213,75.15829947446693,0.6924922673791926,0.019940093888382998
78692.7927927928,0.11311311311311312,74.36950645385673,0.69239149327967,0.019727949530216286
79389.18918918919,0.11411411411411411,73.58899188597516,0.6922902722846997,0.0195180491809741
80085.58558558559,0.11511511511511513,72.81666888772638,0.6921886063587049,0.019310369292587327
80781.98198198198,0.11611611611611612,72.05245148786044,0.6920864974404289,0.019104886560847457
81478.37837837839,0.11711711711711713,71.29625461740319,0.6919839474434901,0.018901577922951707
82174.77477477478,0.11811811811811812,70.54799410018698,0.6918809582569196,0.01870042055507099
82871.17117117117,0.11911911911911911,69.80758664348046,0.6917775317456839,0.018501391869940414
83567.56756756757,0.12012012012012013,69.07494982871687,0.6916736697511906,0.018304469514472146
84263.96396396396,0.12112112112112113,68.3500021023197,0.6915693740917812,0.01810963136739071
84960.36036036037,0.12212212212212213,67.6326627666244,0.6914646465632084,0.017916855536890267
85656.75675675676,0.12312312312312312,66.92285197089556,0.6913594889390994,0.01772612035831401
86353.15315315315,0.12412412412412412,66.22049070243838,0.6912539029714074,0.01753740439185538
87049.54954954956,0.12512512512512514,65.52550077780322,0.691147890390849,0.01735068642028096
87745.94594594595,0.12612612612612611,64.83780483408275,0.6910414529073297,0.017165945446674973
88442.34234234235,0.12712712712712715,64.15732632030013,0.6909345922103578,0.016983160692205124
89138.73873873874,0.12812812812812813,63.48398948888798,0.6908273099694473,0.016802311593909783
89835.13513513513,0.12912912912912913,62.81771938725618,0.6907196078345079,0.016623377802506098
90531.53153153154,0.13013013013013014,62.158441849448764,0.6906114874362271,0.016446339180219236
91227.92792792793,0.13113113113113115,61.50608348788807,0.6905029503864396,0.016271175798632274
91924.32432432433,0.13213213213213215,60.86057168520556,0.6903939982784881,0.016097867936556785
92620.72072072072,0.13313313313313313,60.22183458615843,0.6902846326875743,0.01592639607792384
93317.11711711712,0.13413413413413414,59.58980108963098,0.6901748551711007,0.01575674090969536
94013.51351351352,0.13513513513513514,58.964400840720074,0.6900646672690025,0.015588883319795584
94709.90990990991,0.13613613613613615,58.34556422290352,0.6899540705040731,0.015422804395062602
95406.30630630632,0.13713713713713716,57.73322235029069,0.6898430663822782,0.015258485419219609
96102.7027027027,0.13813813813813813,57.1273070599545,0.6897316563930647,0.015095907870865921
96799.0990990991,0.13913913913913914,56.527750904343804,0.6896198420096599,0.01493505342148748
97495.4954954955,0.14014014014014015,55.934487143775534,0.6895076246893638,0.014775903933486711
98191.8918918919,0.14114114114114115,55.34744973900546,0.6893950058738341,0.014618441458231579
98888.2882882883,0.14214214214214216,54.766573343877155,0.6892819869893643,0.014462648234123689
99584.68468468469,0.14314314314314314,54.19179329804786,0.6891685694471542,0.01430850668468527
100281.08108108108,0.14414414414414414,53.62304561979081,0.6890547546435748,0.01415599941666484
100977.47747747749,0.14514514514514515,53.060266998873175,0.6889405439604254,0.014005109218161511
101673.87387387388,0.14614614614614616,52.50339478950867,0.6888259387651864,0.013855819056767632
102370.27027027028,0.14714714714714716,51.952367003384055,0.6887109404112637,0.01370811207772972
103066.66666666667,0.14814814814814817,51.40712230275892,0.6885955502382296,0.013561971602127439
103763.06306306306,0.14914914914914915,50.86759999363794,0.6884797695720559,0.013417381125070588
104459.45945945947,0.15015015015015015,50.33374001901457,0.6883635997253433,0.013274324313913795
105155.85585585586,0.15115115115115116,49.80548295218597,0.6882470419975442,0.013132785006488875
105852.25225225226,0.15215215215215216,49.28276999013776,0.6881300976751805,0.01299274720935466
106548.64864864865,0.15315315315315317,48.765542946998416,0.6880127680320575,0.012854195096064128
107245.04504504504,0.15415415415415415,48.25374424756235,0.687895054329471,0.012717113005448717
107941.44144144145,0.15515515515515516,47.74731692088078,0.6877769578164113,0.01258148543991961
108637.83783783784,0.15615615615615616,47.24620459392014,0.6876584797297622,0.012447297063785943
109334.23423423425,0.15715715715715717,46.75035148528685,0.687539621294495,0.01231453270158968
110030.63063063064,0.15815815815815817,46.25970239901798,0.687420383723858,0.012183177336457037
110727.02702702703,0.15915915915915915,45.77420271843718,0.6873007682195635,0.012053216108466358
111423.42342342343,0.16016016016016016,45.293798400074884,0.6871807759719685,0.011924634313032194
112119.81981981982,0.16116116116116116,44.818435967652604,0.6870604081602525,0.01179741739930557
112816.21621621623,0.16216216216216217,44.3480625061301,0.6869396659525919,0.011671550968590148
113512.61261261262,0.16316316316316318,43.88262565581518,0.6868185505063297,0.011547020772774252
114209.00900900901,0.16416416416416416,43.4220736065353,0.6866970629681416,0.011423812712778559
114905.40540540541,0.1651651651651652,42.9663550918702,0.6865752044741996,0.011301912837019302
115601.8018018018,0.16616616616616617,42.51541938344534,0.6864529761503307,0.011181307339886913
116298.19819819821,0.16716716716716717,42.06921628528489,0.6863303791121734,0.01106198256023984
116994.5945945946,0.16816816816816818,41.62769612822429,0.6862074144653302,0.010943924979913545
117690.99099099099,0.16916916916916916,41.190809764381264,0.6860840833055172,0.010827121222244399
118387.3873873874,0.1701701701701702,40.75850856168488,0.6859603867187107,0.010711558050608442
119083.78378378379,0.17117117117117117,40.33074439846215,0.6858363257812907,0.010597222366974829
119780.18018018019,0.17217217217217218,39.90746965808129,0.685711901560181,0.0104841012104738
120476.57657657658,0.17317317317317318,39.48863722365132,0.6855871151129873,0.010372181755979105
121172.97297297297,0.17417417417417416,39.07420047277717,0.6854619674881318,0.010261451312704638
121869.36936936938,0.1751751751751752,38.66411327236995,0.6853364597249856,0.010151897322815283
122565.76576576577,0.17617617617617617,38.258329973511685,0.6852105928539975,0.010043507360051752
123262.16216216217,0.17717717717717718,37.856805406373745,0.6850843678968223,0.009936269128369245
123958.55855855856,0.1781781781781782,37.459494875188945,0.6849577858664434,0.009830170460589946
124654.95495495496,0.1791791791791792,37.06635415327611,0.6848308477672962,0.009725199317069048
125351.35135135136,0.1801801801801802,36.677339478117,0.684703554595387,0.009621343784374318
126047.74774774775,0.18118118118118118,36.29240754648491,0.6845759073384104,0.009518592073979
126744.14414414416,0.1821821821821822,35.9115155096243,0.6844479069758643,0.009416932520967921
127440.54054054055,0.1831831831831832,35.534620968481185,0.6843195544791624,0.00931635358275676
128136.93693693694,0.1841841841841842,35.16168196898334,0.6841908508117449,0.009216843837824222
128833.33333333334,0.1851851851851852,34.79265699737029,0.6840617969291876,0.009118391984457117
129529.72972972973,0.18618618618618618,34.42750497557217,0.683932393779307,0.009020986839508142
130226.12612612614,0.18718718718718722,34.066185256637056,0.6838026423022664,0.008924617337166266
130922.52252252253,0.1881881881881882,33.70865762020646,0.6836725434306766,0.008829272527739624
131618.91891891893,0.1891891891891892,33.354882268038054,0.6835420980896979,0.008734941576450725
132315.31531531533,0.1901901901901902,33.00481981957563,0.683411307197138,0.008641613762243969
133011.71171171172,0.19119119119119118,32.65843130756542,0.6832801716635494,0.008549278476605233
133708.1081081081,0.1921921921921922,32.3156781737184,0.6831486923923237,0.008457925222393482
134404.5045045045,0.19319319319319317,31.976522264418286,0.6830168702797857,0.008367543612684299
135100.90090090092,0.19419419419419423,31.640925826474263,0.6828847062152851,0.008278123369625119
135797.2972972973,0.1951951951951952,31.308851502918724,0.6827522010812855,0.00818965432330222
136493.6936936937,0.19619619619619622,30.98026232884868,0.6826193557534543,0.008102126410619175
137190.0900900901,0.1971971971971972,30.65512172731112,0.6824861711007483,0.008015529674186785
137886.48648648648,0.1981981981981982,30.33339350523134,0.6823526479854993,0.007929854261224304
138582.8828828829,0.19919919919919923,30.015041849384218,0.6822187872634982,0.007845090422471918
139279.2792792793,0.2002002002002002,29.700031322407618,0.6820845897840767,0.00776122851111428
139975.67567567568,0.20120120120120122,29.3883268588576,0.6819500563901889,0.0076782589817150524
140672.07207207207,0.2022022022022022,29.07989376130524,0.6818151879184898,0.007596172389162362
141368.46846846846,0.2032032032032032,28.774697696474156,0.6816799851994143,0.007514959387624976
142064.86486486488,0.20420420420420424,28.47270469141874,0.6815444490572531,0.007434610729519193
142761.26126126127,0.20520520520520522,28.173881129742547,0.6814085803102283,0.007355117264486319
143457.65765765766,0.20620620620620622,27.878193747856105,0.6812723797705683,0.007276469938380521
144154.05405405405,0.2072072072072072,27.585609631274302,0.6811358482445792,0.007198659792267131
144850.45045045044,0.2082082082082082,27.296096210952445,0.6809989865327174,0.007121677961431153
145546.84684684686,0.20920920920920924,27.009621259660882,0.6808617954296601,0.007045515674395957
146243.24324324325,0.21021021021021022,26.7261528883976,0.6807242757243738,0.0069701642519519975
146939.63963963964,0.21121121121121122,26.44565954283845,0.6805864282001828,0.006895615106195496
147636.03603603604,0.2122122122122122,26.168109999824757,0.6804482536348362,0.006821859739577011
148332.43243243243,0.2132132132132132,25.893473363887647,0.6803097528005734,0.00674888974395971
149028.82882882885,0.21421421421421424,25.621719063808907,0.6801709264641893,0.006676696799687349
149725.22522522524,0.21521521521521522,25.35281684921804,0.6800317753870976,0.006605272674661815
150421.62162162163,0.21621621621621623,25.086736787224815,0.6798923003253934,0.0065346092234301
151118.01801801802,0.2172172172172172,24.823449259087347,0.6797525020299152,0.006464698386280691
151814.4144144144,0.2182182182182182,24.562924956915072,0.6796123812463054,0.006395532188349231
152510.81081081083,0.21921921921921925,24.305134880406364,0.6794719387150696,0.006327102738733368
153207.20720720722,0.22022022022022023,24.050050333620323,0.6793311751716359,0.006259402229616705
153903.6036036036,0.22122122122122123,23.797642921782472,0.6791900913464122,0.0061924229354017426
154600.0,0.2222222222222222,23.54788454812405,0.679048687964843,0.006126157211851772
155296.3963963964,0.22322322322322322,23.300747410754344,0.678906965747466,0.006060597495241567
155992.7927927928,0.22422422422422425,23.05620399956594,0.6787649254099666,0.005995736301516818
156689.1891891892,0.22522522522522523,22.814227093172512,0.6786225676632319,0.005931566225462257
157385.5855855856,0.22622622622622623,22.574789755878523,0.6784798932134051,0.005868079939878283
158081.98198198198,0.22722722722722724,22.337865334680977,0.6783369027619368,0.005805270194766124
158778.37837837837,0.22822822822822822,22.10342745630252,0.6781935970056374,0.0057431298165213735
159474.7747747748,0.22922922922922925,21.871450024255655,0.6780499766367283,0.00568165170713583
160171.17117117118,0.23023023023023026,21.64190721593787,0.6779060423428913,0.005620828843407583
160867.56756756757,0.23123123123123124,21.41477347975715,0.6777617948073186,0.005560654276159226
161563.96396396396,0.23223223223223224,21.19002353228768,0.677617234708761,0.005501121129464127
162260.36036036036,0.23323323323323322,20.967632355455468,0.6774723627215765,0.005442222599880725
162956.75675675677,0.23423423423423426,20.747575193753413,0.6773271795157766,0.005383951955694665
163653.15315315317,0.23523523523523526,20.529827551485663,0.6771816857570734,0.0053263025361687975
164349.54954954956,0.23623623623623624,20.314365190040892,0.6770358821069251,0.005269267750800919
165045.94594594595,0.23723723723723725,20.10116412519408,0.6768897692225815,0.00521284107858914
165742.34234234234,0.23823823823823823,19.89020062443686,0.6767433477571279,0.005157016067304901
166438.73873873876,0.23923923923923926,19.681451204335588,0.6765966183595291,0.0051017863327734395
167135.13513513515,0.24024024024024027,19.474892627917363,0.6764495816746727,0.0050471455581617385
167831.53153153154,0.24124124124124124,19.270501902083378,0.6763022383434119,0.004993087493273806
168527.92792792793,0.24224224224224225,19.068256275049425,0.6761545890026062,0.004939605953853243
169224.32432432432,0.24324324324324323,18.8681332338133,0.676006634285164,0.004886694820893047
169920.72072072074,0.24424424424424426,18.670110501648747,0.6758583748200829,0.004834348039952523
170617.11711711713,0.24524524524524527,18.474166035625732,0.6757098112324896,0.004782559620481281
171313.51351351352,0.24624624624624625,18.280278024156736,0.6755609441436794,0.004731323635150229
172009.9099099099,0.24724724724724725,18.088424884568777,0.6754117741711553,0.004680634219189468
172706.3063063063,0.24824824824824823,17.898585260700933,0.6752623019286668,0.0046304855697330725
173402.70270270272,0.24924924924924927,17.710738020527078,0.6751125280262471,0.0045808719451706295
174099.0990990991,0.2502502502502503,17.524862253803626,0.6749624530702508,0.0045317876645055225
174795.4954954955,0.25125125125125125,17.3409372697418,0.674812077663391,0.0044832271067198155
175491.8918918919,0.25225225225225223,17.158942594704506,0.674661402404775,0.004435184710145769
176188.28828828828,0.25325325325325326,16.97885796992727,0.6745104278899405,0.004387654971843828
176884.6846846847,0.2542542542542543,16.800663349263168,0.6743591547108908,0.004340632446987094
177581.0810810811,0.2552552552552553,16.624338896951386,0.6742075834561296,0.004294111748252149
178277.47747747749,0.25625625625625625,16.449864985409143,0.6740557147106958,0.004248087545216201
178973.87387387388,0.25725725725725723,16.277222193046885,0.6739035490561962,0.004202554563760484
179670.27027027027,0.25825825825825827,16.10639130210637,0.6737510870708403,0.004157507585479865
180366.6666666667,0.2592592592592593,15.937353296521438,0.6735983293294725,0.004112941447098546
181063.06306306308,0.2602602602602603,15.770089359801238,0.6734452764036045,0.004068851039891852
181759.45945945947,0.26126126126126126,15.604580872935644,0.673291928861448,0.004025231309114004
182455.85585585586,0.2622622622622623,15.44080941232268,0.6731382872679454,0.003982077253431835
183152.25225225225,0.26326326326326327,15.278756747717756,0.6729843521848023,0.003939383924364416
183848.64864864867,0.2642642642642643,15.118404840204263,0.6728301241705171,0.003897146425728438
184545.04504504506,0.2652652652652653,14.95973584018566,0.672675603780412,0.003855359913089423
185241.44144144145,0.26626626626626626,14.802732085398478,0.6725207915666628,0.0038140195932185837
185937.83783783784,0.2672672672672673,14.647376098946284,0.6723656880783287,0.00377312072355536
186634.23423423423,0.2682682682682683,14.493650587354226,0.6722102938613813,0.003732658611675524
187330.63063063065,0.2692692692692693,14.341538438643994,0.6720546094587336,0.0036926286147648123
188027.02702702704,0.2702702702702703,14.191022720429025,0.6718986354102683,0.003653026139098045
188723.42342342343,0.27127127127127126,14.042086678029637,0.6717423722528658,0.0036138466395236415
189419.81981981982,0.2722722722722723,13.894713732607995,0.6715858205204326,0.0035750856189535087
190116.2162162162,0.2732732732732733,13.74888747932267,0.6714289807439273,0.0035367386278582365
190812.61261261263,0.2742742742742743,13.604591685502465,0.6712718534513893,0.0034988012637675323
191509.00900900902,0.2752752752752753,13.461810288839525,0.6711144391679641,0.003461269170775863
192205.4054054054,0.27627627627627627,13.320527395601335,0.6709567384159302,0.0034241380390532417
192901.8018018018,0.2772772772772773,13.180727278861504,0.6707987517147251,0.003387403604361093
193598.1981981982,0.2782782782782783,13.04239437674915,0.6706404795809712,0.0033510616475731837
194294.59459459462,0.2792792792792793,12.905513290716586,0.6704819225285001,0.003315107994201505
194990.990990991,0.2802802802802803,12.770068783825266,0.6703230810683792,0.0032795385139271285
195687.3873873874,0.28128128128128127,12.636045779049653,0.670163955708935,0.0032443491201359174
196383.7837837838,0.2822822822822823,12.503429357598923,0.6700045469557784,0.0032095357694590884
197080.18018018018,0.2832832832832833,12.37220475725632,0.6698448553118282,0.0031750944613185704
197776.5765765766,0.2842842842842843,12.24235737073582,0.6696848812773355,0.003141021237477065
198472.972972973,0.2852852852852853,12.113872744056199,0.6695246253499065,0.003107312181592835
199169.36936936938,0.2862862862862863,11.986736574932019,0.6693640880245265,0.0030739634187791093
199865.76576576577,0.2872872872872873,11.860934711181605,0.6692032697935821,0.003040971115168081
200562.16216216216,0.2882882882882883,11.736453149151698,0.6690421711468846,0.003008331477479468
201258.55855855858,0.2892892892892893,11.613278032158593,0.6688807925716914,0.002976040752593543
201954.95495495497,0.2902902902902903,11.491395648945755,0.6687191345527292,0.002944095227128656
202651.35135135136,0.29129129129129133,11.370792432157453,0.6685571975722151,0.0029124912270231114
203347.74774774775,0.2922922922922923,11.251454956828598,0.6683949821098782,0.0028812251171214604
204044.14414414414,0.2932932932932933,11.133369938890274,0.6682324886429815,0.0028502933007650637
204740.54054054056,0.2942942942942943,11.016524233691051,0.6680697176463423,0.0028196922193869578
205436.93693693695,0.2952952952952953,10.900904834533803,0.6679066695923533,0.0027894183521109373
206133.33333333334,0.29629629629629634,10.786498871227812,0.6677433449510034,0.0027594682153548092
206829.72972972973,0.2972972972972973,10.67329360865618,0.6675797441898974,0.0027298383624378172
207526.12612612612,0.2982982982982983,10.56127644535818,0.6674158677742767,0.002700525383192133
208222.52252252254,0.2992992992992993,10.450434912126521,0.6672517161670388,0.002671525903578424
208918.91891891893,0.3003003003003003,10.340756670619383,0.6670872898287572,0.002642836585305437
209615.31531531533,0.30130130130130134,10.2322295119869,0.6669225892177004,0.002614454125453529
210311.71171171172,0.3023023023023023,10.124841355512194,0.6667576147898513,0.00258637525610217
211008.1081081081,0.3033033033033033,10.018580247266568,0.666592366998926,0.002558596743961296
211704.50450450453,0.30430430430430433,9.913434358778868,0.6664268462963929,0.0025311153900065475
212400.90090090092,0.3053053053053053,9.80939198571881,0.6662610531314906,0.002503928029118299
213097.2972972973,0.30630630630630634,9.70644154659407,0.6660949879512468,0.0024770315297244633
213793.6936936937,0.3073073073073073,9.604571581461144,0.6659286512004957,0.0024504227934470436
214490.0900900901,0.3083083083083083,9.50377075064962,0.6657620433218966,0.0024240987547523517
215186.4864864865,0.30930930930930933,9.404027833499944,0.6655951647559513,0.002398056380604914
215882.8828828829,0.3103103103103103,9.305331727114398,0.665428015941021,0.0023722926701249805
216579.2792792793,0.31131131131131135,9.207671445121132,0.6652605973133445,0.0023468046542496077
217275.67567567568,0.3123123123123123,9.111036116451265,0.6650929093070548,0.0023215893953973062
217972.07207207207,0.3133133133133133,9.01541498412874,0.6649249523541959,0.002296643987136176
218668.4684684685,0.31431431431431434,8.920797404072907,0.6647567268847399,0.0022719655538555247
219364.86486486488,0.3153153153153153,8.827172843913708,0.6645882333266027,0.0022475512504409214
220061.26126126127,0.31631631631631635,8.734530881819223,0.6644194721056615,0.0022233982619526416
220757.65765765766,0.3173173173173173,8.642861205335604,0.66425044364577,0.0021995038033074876
221454.05405405405,0.3183183183183183,8.552153610239108,0.6640811483687747,0.002175865118963932
222150.45045045047,0.31931931931931934,8.462397999400215,0.6639115866945308,0.0021524794826105545
222846.84684684686,0.3203203203203203,8.373584381659699,0.6637417590409175,0.0021293441968577523
223543.24324324325,0.32132132132132135,8.285702870716417,0.6635716658238539,0.002106456592932662
224239.63963963964,0.32232232232232233,8.198743684026843,0.6634013074573137,0.0020838140303772903
224936.03603603604,0.3233233233233233,8.112697141716113,0.6632306843533411,0.002061413896749793
225632.43243243246,0.32432432432432434,8.027553665500498,0.6630597969220648,0.002039253607328889
226328.82882882885,0.3253253253253254,7.943303777621222,0.6628886455717138,0.002017330604821377
227025.22522522524,0.32632632632632635,7.859938099789423,0.662717230708631,0.0019956423590726984
227721.62162162163,0.32732732732732733,7.777447352142207,0.6625455527372884,0.001974186366780549
228418.01801801802,0.3283283283283283,7.695822352209672,0.6623736120603013,0.0019529601512114807
229114.41441441444,0.32932932932932935,7.615054013892737,0.6622014090784422,0.0019319612619204775
229810.81081081083,0.3303303303303304,7.535133346451756,0.6620289441906549,0.0019111872744734728
230507.20720720722,0.33133133133133136,7.4560514535056885,0.6618562177940689,0.0018906357901727691
231203.6036036036,0.33233233233233234,7.377799532041796,0.661683230284012,0.0018703044357853366
231900.0,0.3333333333333333,7.300368871435741,0.6615099820540249,0.001850190863273962
232596.39639639642,0.33433433433433435,7.223750852481956,0.6613364734958743,0.0018302927495312162
233292.7927927928,0.3353353353353354,7.1479369464342195,0.6611627049995659,0.0018106077961162145
233989.1891891892,0.33633633633633636,7.072918714056243,0.6609886769533581,0.0017911337289941258
234685.5855855856,0.33733733733733734,6.998687804682274,0.6608143897437743,0.0017718682982784265
235381.98198198198,0.3383383383383383,6.925235955287538,0.6606398437556166,0.0017528092779758489
236078.3783783784,0.33933933933933935,6.852554989568435,0.6604650393719779,0.0017339544657340095
236774.7747747748,0.3403403403403404,6.780636817032404,0.6602899769742547,0.0017153016825916865
237471.17117117118,0.34134134134134136,6.709473432097322,0.6601146569421599,0.001696848772731711
238167.56756756757,0.34234234234234234,6.639056913200353,0.6599390796537344,0.0016785936032364536
238863.96396396396,0.3433433433433433,6.569379421916168,0.6597632454853604,0.0016605340638458797
239560.36036036038,0.34434434434434436,6.5004332020844044,0.6595871548117723,0.0016426680667181407
240256.75675675677,0.3453453453453454,6.432210578946303,0.6594108080060698,0.0016249935461926817
240953.15315315317,0.34634634634634637,6.364703958290369,0.659234205439729,0.0016075084585558293
241649.54954954956,0.34734734734734735,6.297905825607031,0.6590573474826142,0.001590210781808844
242345.94594594595,0.3483483483483483,6.231808745252162,0.6588802345029902,0.0015730985154384111
243042.34234234237,0.34934934934934936,6.166405359619381,0.6587028668675328,0.0015561696801895347
243738.73873873876,0.3503503503503504,6.1016883883210395,0.6585252449413409,0.0015394223178408224
244435.13513513515,0.35135135135135137,6.037650627377805,0.6583473690879478,0.001522854490982126
245131.53153153154,0.35235235235235235,5.974284948416743,0.6581692396693317,0.0015064642827945184
245827.92792792793,0.3533533533533533,5.9115842978778295,0.6579908570459274,0.0014902497968325823
246524.32432432435,0.35435435435435436,5.849541696228767,0.6578122215766371,0.0014742091568089846
247220.72072072074,0.3553553553553554,5.788150237188089,0.6576333336188409,0.0014583405063813197
247917.11711711713,0.3563563563563564,5.727403086956354,0.6574541935284081,0.0014426420089411834
248613.51351351352,0.35735735735735735,5.66729348345545,0.657274801659707,0.0014271118474054657
249309.9099099099,0.3583583583583584,5.607814735575874,0.6570951583656164,0.0014117482240098424
250006.30630630633,0.3593593593593594,5.548960222431915,0.6569152639975353,0.0013965493601044315
250702.70270270272,0.3603603603603604,5.490723392624651,0.6567351189053935,0.0013815134959516027
251399.0990990991,0.3613613613613614,5.433097763512662,0.6565547234376616,0.0013666388905259012
252095.4954954955,0.36236236236236236,5.376076920490428,0.6563740779413616,0.0013519238213160877
252791.8918918919,0.3633633633633634,5.319654516274281,0.6561931827620759,0.0013373665841292508
253488.2882882883,0.3643643643643644,5.263824270195864,0.6560120382439586,0.0013229654928969866
254184.6846846847,0.3653653653653654,5.208579967502992,0.6558306447297443,0.0013087188794836096
254881.0810810811,0.3663663663663664,5.153915458667848,0.6556490025607579,0.0012946250934963797
255577.47747747749,0.36736736736736736,5.099824658702459,0.6554671120769249,0.0012806825020977327
256273.87387387388,0.3683683683683684,5.046301546481339,0.6552849736167803,0.0012668894898194805
256970.2702702703,0.3693693693693694,4.99334016407125,0.6551025875174781,0.0012532444583789651
257666.6666666667,0.3703703703703704,4.940934616067998,0.6549199541148011,0.001239745826497151
258363.06306306308,0.3713713713713714,4.889079068940169,0.6547370737431698,0.0012263920297186242
259059.45945945947,0.37237237237237236,4.837767750379781,0.6545539467356516,0.001213181520233492
259755.85585585586,0.3733733733733734,4.7869949486597365,0.65437057342397,0.0012001127667011532
260452.25225225228,0.37437437437437443,4.736755011998024,0.6541869541385137,0.0011871842540759272
261148.64864864867,0.3753753753753754,4.687042347928586,0.6540030892083453,0.0011743944834345104
261845.04504504506,0.3763763763763764,4.637851422678788,0.6538189789612103,0.0011617419718052552
262541.4414414415,0.3773773773773774,4.5891767605534275,0.6536346237235459,0.001149225251999243
263237.83783783787,0.3783783783783784,4.541012943325223,0.6534500238204894,0.0011368428724431408
263934.23423423426,0.37937937937937943,4.4933546096316475,0.6532651795758875,0.001124593397013805
264630.63063063065,0.3803803803803804,4.446196454378173,0.6530800913123036,0.0011124754048746444
265327.02702702704,0.3813813813813814,4.399533228147691,0.6528947593510275,0.0011004874903136875
266023.42342342343,0.38238238238238237,4.353359736616201,0.6527091840120832,0.0010886282625833718
266719.8198198198,0.3833833833833834,4.307670839974585,0.6525233656142372,0.001076896345742006
267416.2162162162,0.3843843843843844,4.26246145235649,0.6523373044750066,0.0010652903784969154
268112.6126126126,0.38538538538538536,4.217726541272173,0.6521510009106675,0.0010538090140492264
268809.009009009,0.38638638638638634,4.173461127048321,0.651964455236263,0.0010424509199402966
269505.40540540544,0.3873873873873874,4.1296602822737185,0.6517776677656111,0.0010312147778997523
270201.80180180183,0.38838838838838846,4.086319131250799,0.6515906388113124,0.0010200992836951444
270898.1981981982,0.38938938938938944,4.043432849452851,0.6514033686847588,0.0010091031469831664
271594.5945945946,0.3903903903903904,4.0009966629870055,0.6512158576961402,0.0009982250911624536
272290.990990991,0.3913913913913914,3.9590058480628203,0.6510281061544527,0.000987463853227933
272987.3873873874,0.39239239239239243,3.9174557304664526,0.6508401143675066,0.0009768181836267034
273683.7837837838,0.3933933933933934,3.8763416850403565,0.6506518826419332,0.0009662868461154404
274380.1801801802,0.3943943943943944,3.8356591351684166,0.6504634112831928,0.0009558686176192962
275076.57657657657,0.39539539539539537,3.7954035522665124,0.6502747005955823,0.0009455622880922949
275772.97297297296,0.3963963963963964,3.755570455278411,0.650085750882242,0.0009353666603791941
276469.3693693694,0.39739739739739743,3.7161554101769734,0.6498965624451633,0.0009252805500788093
277165.7657657658,0.39839839839839847,3.6771540294705556,0.6497071355851958,0.000915302785408768
277862.1621621622,0.39939939939939945,3.63856197171464,0.6495174706020547,0.0009054322070717046
278558.5585585586,0.4004004004004004,3.600374941028545,0.6493275677943277,0.0008956676681228522
279254.95495495497,0.4014014014014014,3.562588686617241,0.6491374274594819,0.0008860080338390409
279951.35135135136,0.40240240240240244,3.525199002298167,0.6489470498938712,0.0008764521815890726
280647.74774774775,0.4034034034034034,3.48820172603303,0.6487564353927429,0.0008669990007054673
281344.14414414414,0.4044044044044044,3.451592739464487,0.6485655842502446,0.000857647392357555
282040.54054054053,0.4054054054054054,3.415367967457726,0.6483744967594314,0.0008483962694259147
282736.9369369369,0.4064064064064064,3.3795233776468363,0.6481831732122718,0.0008392445563781329
283433.3333333334,0.40740740740740744,3.3440549799859416,0.6479916138996556,0.0008301911891458736
284129.72972972976,0.4084084084084085,3.3089588263050564,0.6477998191113995,0.0008212351150032489
284826.12612612615,0.40940940940940945,3.27423100987059,0.6476077891362538,0.0008123752924464679
285522.52252252254,0.41041041041041043,3.2398676649504616,0.6474155242619096,0.0008036106910747582
286218.91891891893,0.4114114114114114,3.2058649663837953,0.6472230247750047,0.0007949402914725456
286915.3153153153,0.41241241241241244,3.1722191291551156,0.64703029096113,0.0007863630850928739
287611.7117117117,0.4134134134134134,3.1389264079730226,0.646837323104836,0.0007778780741420595
288308.1081081081,0.4144144144144144,3.10598309685328,0.6466441214896392,0.0007694842714655592
289004.5045045045,0.4154154154154154,3.073385528706286,0.6464506863980284,0.0007611807004350466
289700.9009009009,0.4164164164164164,3.041130074928867,0.6462570181114704,0.0007529663948366777
290397.29729729734,0.41741741741741745,3.009213145000369,0.6460631169104167,0.0007448403987605401
291093.6936936937,0.4184184184184185,2.97763118608296,0.6458689830743092,0.0007368017664912625
291790.0900900901,0.41941941941941946,2.946380682626167,0.6456746168815867,0.0007288495623997906
292486.4864864865,0.42042042042042044,2.915458155975524,0.6454800186096903,0.0007209828608362924
293182.8828828829,0.42142142142142147,2.8848601639853513,0.6452851885350698,0.0007132007460242053
293879.2792792793,0.42242242242242245,2.854583300635601,0.6450901269331893,0.0007055023119553991
294575.6756756757,0.42342342342342343,2.8246241956527016,0.6448948340785335,0.0006978866622864428
295272.0720720721,0.4244244244244244,2.7949795141344023,0.6446993102446129,0.000690352910235972
295968.46846846846,0.42542542542542544,2.7656459561785485,0.6445035557039699,0.0006829001784831384
296664.86486486485,0.4264264264264264,2.7366202565157516,0.6443075707281842,0.0006755275990671323
297361.2612612613,0.4274274274274275,2.707899184145909,0.644111355587879,0.0006682343132877653
298057.6576576577,0.4284284284284285,2.679479541978566,0.6439149105527263,0.000661019471607111
298754.0540540541,0.42942942942942947,2.651358166477002,0.643718235891452,0.0006538822335521706
299450.4504504505,0.43043043043043044,2.623531927306099,0.6435213318718424,0.0006468217676185813
300146.84684684686,0.4314314314314315,2.595997726983883,0.6433241987607484,0.0006398372511753354
300843.24324324325,0.43243243243243246,2.5687525005367298,0.6431268368240926,0.0006329278703705077
301539.63963963964,0.43343343343343343,2.541793215158184,0.6429292463268729,0.0006260928200379791
302236.03603603604,0.4344344344344344,2.515116869871364,0.6427314275331689,0.0006193313036051475
302932.4324324324,0.43543543543543545,2.4887204951949036,0.6425333807061472,0.0006126425330016124
303628.8288288288,0.4364364364364364,2.4626011528124137,0.6423351061080662,0.0006060257285688276
304325.22522522527,0.4374374374374375,2.436755935245389,0.6421366040002814,0.0005994801189707046
305021.62162162166,0.4384384384384385,2.411181965529576,0.6419378746432509,0.0005930049411051676
305718.01801801805,0.43943943943943947,2.38587639689471,0.6417389182965403,0.0005865994400166367
306414.41441441444,0.44044044044044045,2.3608364124476373,0.6415397352188276,0.0005802628688094433
307110.8108108108,0.4414414414414415,2.3360592248587415,0.6413403256679086,0.0005739944885621547
307807.2072072072,0.44244244244244246,2.311542076051688,0.6411406899007017,0.0005677935682428125
308503.6036036036,0.44344344344344344,2.2872822368963885,0.6409408281732528,0.0005616593846250587
309200.0,0.4444444444444444,2.2632770069052217,0.6407407407407407,0.0005555912222051564
309896.3963963964,0.44544544544544545,2.239523713932423,0.6405404278574812,0.0005495883731198842
310592.7927927928,0.44644644644644643,2.2160197138766335,0.6403398897769325,0.0005436501370653004
311289.18918918923,0.4474474474474475,2.19276239038657,0.6401391267517,0.0005377758212163663
311985.5855855856,0.4484484484484485,2.169749154569798,0.6399381390335409,0.0005319647401474231
312681.981981982,0.4494494494494495,2.14697744470453,0.6397369268733688,0.0005262162157535027
313378.3783783784,0.45045045045045046,2.1244447259544765,0.639535490521259,0.0005205295771724788
314074.7747747748,0.4514514514514515,2.1021484900866825,0.6393338302264524,0.0005149041607080384
314771.1711711712,0.45245245245245247,2.080086255192318,0.6391319462373605,0.0005093393097534689
315467.5675675676,0.45345345345345345,2.0582555654104095,0.6389298388015702,0.0005038343747162522
316163.96396396396,0.4544544544544545,2.036653990654457,0.6387275081658478,0.0004983887129434551
316860.36036036036,0.45545545545545546,2.015279126341942,0.638524954576144,0.0004930016886479144
317556.75675675675,0.45645645645645644,1.994128593126645,0.6383221782775985,0.0004876726728351963
318253.1531531532,0.45745745745745753,1.9732000366337987,0.6381191795145437,0.0004824010432313337
318949.5495495496,0.4584584584584585,1.9524911271980112,0.6379159585305099,0.0004771861842113301
319645.945945946,0.4594594594594595,1.9319995596039317,0.6377125155682292,0.0004720274867284145
320342.34234234237,0.4604604604604605,1.9117230528296478,0.63750885086964,0.00046692434824405
321038.73873873876,0.4614614614614615,1.8916593497927807,0.6373049646758917,0.00046187617265868445
321735.13513513515,0.4624624624624625,1.8718062170992253,0.6371008572273483,0.0004568823702432289
322431.53153153154,0.46346346346346345,1.8521614447945483,0.6368965287635929,0.0004519423575712676
323127.9279279279,0.4644644644644645,1.8327228461179816,0.6366919795234323,0.0004470555574519821
323824.3243243243,0.46546546546546547,1.8134882572590119,0.6364872097449005,0.00044222139886378946
324520.7207207207,0.46646646646646645,1.7944555371165023,0.6362822196652635,0.0004374393168886782
325217.11711711716,0.46746746746746753,1.7756225670603638,0.6360770095210233,0.0004327087526472442
325913.51351351355,0.4684684684684685,1.756987250695722,0.6358715795479215,0.0004280291532344146
326609.90990990994,0.4694694694694695,1.738547513629549,0.6356659299809437,0.000423399971655849
327306.30630630633,0.4704704704704705,1.7203013032397543,0.635460061054324,0.00041882066676501834
328002.7027027027,0.4714714714714715,1.7022465884467057,0.6352539730015481,0.0004142907032009498
328699.0990990991,0.4724724724724725,1.6843813594871226,0.6350476660553578,0.0004098095513266277
329395.4954954955,0.47347347347347346,1.6667036276903737,0.634841140447755,0.0004053766871680532
330091.8918918919,0.4744744744744745,1.6492114252571004,0.6346343964100053,0.0004009915923539448
330788.2882882883,0.4754754754754755,1.6319028050401763,0.6344274341726424,0.0003966537540560811
331484.6846846847,0.47647647647647645,1.6147758403279535,0.6342202539654711,0.00039236266493027273
332181.0810810811,0.47747747747747754,1.5978286246297926,0.6340128560175721,0.0003881178230579623
332877.4774774775,0.4784784784784785,1.5810592714638478,0.6338052405573051,0.00038391873188844445
333573.8738738739,0.4794794794794795,1.5644659141470636,0.6335974078123128,0.00037976490018169393
334270.2702702703,0.48048048048048053,1.5480467055873874,0.6333893580095248,0.0003756558419518038
334966.6666666667,0.4814814814814815,1.5317998180781676,0.6331810913751611,0.00037159107641102367
335663.0630630631,0.4824824824824825,1.5157234430946902,0.6329726081347359,0.0003675701279143861
336359.45945945947,0.48348348348348347,1.4998157910928709,0.6327639085130611,0.00036359252590492663
337055.85585585586,0.4844844844844845,1.4840750913100476,0.6325549927342502,0.0003596578048594798
337752.25225225225,0.4854854854854855,1.4684995915678736,0.6323458610217216,0.00035576550423505363
338448.64864864864,0.48648648648648646,1.453087558077265,0.6321365135982028,0.0003519151684157691
339145.0450450451,0.48748748748748755,1.4378372752454092,0.6319269506857329,0.00034810634666036496
339841.4414414415,0.4884884884884885,1.422747045484795,0.6317171725056672,0.0003443385930502597
340537.83783783787,0.48948948948948956,1.4078151890242383,0.6315071792786799,0.00034061146643816077
341234.23423423426,0.49049049049049054,1.3930400437219075,0.6312969712247685,0.0003369245303972245
341930.63063063065,0.4914914914914915,1.3784199648802933,0.631086548563256,0.0003332773531707494
342627.02702702704,0.4924924924924925,1.3639533250631337,0.6308759115127955,0.0003296695076224079
343323.42342342343,0.49349349349349353,1.3496385139142553,0.630665060291373,0.000326100571187003
344019.8198198198,0.4944944944944945,1.3354739379783143,0.6304539951163108,0.0003225701258217492
344716.2162162162,0.4954954954954955,1.3214580205234232,0.6302427162042713,0.00031907775795806943
345412.6126126126,0.49649649649649646,1.3075892013656354,0.6300312237712598,0.00031562305845390395
346109.00900900905,0.49749749749749755,1.2938659366952707,0.6298195180326276,0.0003122056225465237
346805.40540540544,0.49849849849849853,1.2802866989050754,0.6296075992030767,0.0003088250498058492
347501.80180180183,0.49949949949949957,1.2668499764201626,0.6293954674966612,0.0003054809440882568
348198.1981981982,0.5005005005005005,1.25355427352976,0.6291831231267919,0.00030217291349088305
348894.5945945946,0.5015015015015015,1.240398110220713,0.6289705663062389,0.0002989005703064096
349590.990990991,0.5025025025025025,1.2273800220127358,0.6287577972471349,0.00029566353097832944
350287.3873873874,0.5035035035035035,1.2144985597953937,0.6285448161609785,0.0002924614160566878
350983.7837837838,0.5045045045045045,1.201752289666794,0.6283316232586372,0.00028929385015429303
351680.1801801802,0.5055055055055055,1.189139792773971,0.6281182187503507,0.0002861604619033916
352376.57657657657,0.5065065065065065,1.1766596651549501,0.6279046028457338,0.0002830608839128048
353072.972972973,0.5075075075075076,1.164310517582456,0.6276907757537797,0.00027999475272551743
353769.3693693694,0.5085085085085086,1.1520909754092845,0.627476737682863,0.00027696170877672144
354465.7657657658,0.5095095095095096,1.1399996784152706,0.6272624888407426,0.00027396139635229986
355162.1621621622,0.5105105105105106,1.128035280655881,0.627048029434565,0.0002709934635477553
355858.5585585586,0.5115115115115115,1.1161964503123911,0.6268333596708667,0.0002680575622275731
356554.95495495497,0.5125125125125125,1.1044818695436311,0.6266184797555784,0.0002651533479850169
357251.35135135136,0.5135135135135135,1.0928902343392919,0.6264033898940266,0.00026228048010235017
357947.74774774775,0.5145145145145145,1.0814202543747673,0.6261880902909371,0.0002594386215114806
358644.14414414414,0.5155155155155156,1.0700706528675223,0.6259725811504384,0.00025662743875502303
359340.54054054053,0.5165165165165165,1.0588401664349703,0.6257568626760639,0.0002538466019477759
360036.9369369369,0.5175175175175175,1.0477275449538337,0.625540935070755,0.00025109578473860565
360733.3333333334,0.5185185185185186,1.0367315514209907,0.6253247985368642,0.00024837466427273777
361429.72972972976,0.5195195195195196,1.0258509618157794,0.6251084532761574,0.0002456829211544481
362126.12612612615,0.5205205205205206,1.0150845649637399,0.6248918994898174,0.00024302023941014897
362822.52252252254,0.5215215215215215,1.0044311624017972,0.6246751373784464,0.0002403863064518696
363518.91891891893,0.5225225225225225,0.9938895682448529,0.6244581671420686,0.00023778081304112376
364215.3153153153,0.5235235235235235,0.9834586090537771,0.6242409889801331,0.0002352034532531607
364911.7117117117,0.5245245245245246,0.9731371237047867,0.624023603091517,0.00023265392444159682
365608.1081081081,0.5255255255255256,0.9629239632602,0.6238060096745275,0.00023013192720342413
366304.5045045045,0.5265265265265265,0.9528179908405341,0.623588208926905,0.0002276371653443875
367000.9009009009,0.5275275275275275,0.9428180814979583,0.623370201045826,0.00022516934584473314
367697.29729729734,0.5285285285285286,0.9329231220910681,0.6231519862279049,0.00022272817882531916
368393.6936936937,0.5295295295295296,0.9231320111609798,0.6229335646691981,0.00022031337751408822
369090.0900900901,0.5305305305305306,0.9134436588087156,0.6227149365652052,0.00021792465821289408
369786.4864864865,0.5315315315315315,0.903856986573885,0.6224961021108724,0.00021556174026468277
370482.8828828829,0.5325325325325325,0.8943709273146351,0.6222770615005949,0.0002132243460210221
371179.2792792793,0.5335335335335335,0.8849844250888614,0.6220578149282198,0.00021091220080997634
371875.6756756757,0.5345345345345346,0.8756964350366646,0.6218383625870479,0.00020862503290432205
372572.0720720721,0.5355355355355356,0.8665059232640451,0.6216187046698375,0.00020636257349010336
373268.46846846846,0.5365365365365365,0.8574118667278103,0.6213988413688053,0.000204124556635519
373964.86486486485,0.5375375375375375,0.8484132531216974,0.6211787728756306,0.0002019107192601431
374661.2612612613,0.5385385385385386,0.8395090807636866,0.6209584993814565,0.00019972080110447097
375357.6576576577,0.5395395395395396,0.8306983584845026,0.6207380210768935,0.00019755454469979085
376054.0540540541,0.5405405405405406,0.8219801055172766,0.6205173381520208,0.00019541169533837365
376750.4504504505,0.5415415415415415,0.8133533513883767,0.6202964507963895,0.00019329200104398214
377446.84684684686,0.5425425425425425,0.8048171358093771,0.6200753591990253,0.00019119521254269236
378143.24324324325,0.5435435435435435,0.7963705085701646,0.6198540635484301,0.00018912108323402584
378839.63963963964,0.5445445445445446,0.788012529433164,0.6196325640325848,0.00018706936916238878
379536.03603603604,0.5455455455455456,0.779742268028681,0.6194108608389522,0.0001850398289888161
380232.4324324324,0.5465465465465466,0.7715588037513295,0.6191889541544785,0.00018303222396301387
380928.8288288288,0.5475475475475475,0.76346122565756,0.6189668441655961,0.0001810463178957011
381625.22522522527,0.5485485485485486,0.7554486323642562,0.618744531058226,0.0001790818771312454
382321.62162162166,0.5495495495495496,0.747520131948399,0.6185220150177801,0.00017713867052058987
383018.01801801805,0.5505505505505506,0.7396748418477783,0.6182992962291636,0.00017521646939446696
383714.41441441444,0.5515515515515516,0.7319118887627543,0.6180763748767768,0.00017331504753689912
384410.8108108108,0.5525525525525525,0.7242304085590435,0.6178532511445181,0.0001714341811589802
385107.2072072072,0.5535535535535536,0.7166295461715282,0.6176299252157857,0.00016957364887293621
385803.6036036036,0.5545545545545546,0.7091084555090766,0.6174063972734806,0.00016773323166646302
386500.0,0.5555555555555556,0.7016662993603567,0.6171826675000077,0.00016591271287733517
387196.3963963964,0.5565565565565566,0.6943022493006443,0.6169587360772792,0.0001641118781682872
387892.7927927928,0.5575575575575575,0.687015485599606,0.6167346031867161,0.0001623305155021609
388589.18918918923,0.5585585585585586,0.6798051971300508,0.6165102690092504,0.00016056841511731754
389285.5855855856,0.5595595595595596,0.6726705812776407,0.6162857337253281,0.00015882536950331255
389981.981981982,0.5605605605605606,0.6656108438515449,0.6160609975149102,0.0001571011733768275
390678.3783783784,0.5615615615615616,0.6586251989960367,0.6158360605574755,0.0001553956236578602
391374.7747747748,0.5625625625625625,0.6517128691030144,0.6156109230320232,0.00015370851944616706
392071.1711711712,0.5635635635635636,0.6448730847254418,0.615385585117074,0.00015203966199795656
392767.5675675676,0.5645645645645646,0.6381050844917004,0.615160046990673,0.000150388854702832
393463.96396396396,0.5655655655655656,0.6314081150208315,0.6149343088303915,0.00014875590306097743
394160.36036036036,0.5665665665665666,0.6247814308386771,0.614708370813329,0.0001471406146605887
394856.75675675675,0.5675675675675675,0.618224294294897,0.6144822331161158,0.00014554279915554423
395553.1531531532,0.5685685685685686,0.6117359754808559,0.6142558959149146,0.00014396226824331282
396249.5495495496,0.5695695695695696,0.6053157521483763,0.6140293593854225,0.00014239883564309838
396945.945945946,0.5705705705705706,0.5989629096293374,0.6138026237028732,0.0001408523170742154
397642.34234234237,0.5715715715715716,0.5926767407561246,0.6135756890420394,0.00013932253023469658
398338.73873873876,0.5725725725725725,0.5864565457829102,0.6133485555772342,0.00013780929478012736
399035.13513513515,0.5735735735735736,0.5803016323077601,0.6131212234823133,0.00013631243230270604
399731.53153153154,0.5745745745745746,0.5742113151955619,0.6128936929306776,0.00013483176631052764
400427.9279279279,0.5755755755755756,0.5681849165017552,0.612665964095274,0.00013336712220708726
401124.3243243243,0.5765765765765766,0.5622217653968686,0.6124380371485982,0.0001319183272710029
401820.7207207207,0.5775775775775776,0.5563211980918452,0.612209912262697,0.0001304852106359539
402517.11711711716,0.5785785785785786,0.5504825577641527,0.6119815896091692,0.000129067603270833
403213.51351351355,0.5795795795795796,0.5447051944846717,0.6117530693591681,0.00012766533796011083
403909.90990990994,0.5805805805805806,0.5389884651453445,0.6115243516834037,0.00012627824928440793
404606.30630630633,0.5815815815815816,0.5333317333875899,0.6112954367521442,0.00012490617360127521
405302.7027027027,0.5825825825825827,0.5277343695314661,0.6110663247352178,0.00012354894902617892
405999.0990990991,0.5835835835835836,0.52219575050558,0.6108370158020153,0.00012220641541368848
406695.4954954955,0.5845845845845846,0.5167152597777258,0.6106075101214911,0.0001208784143388637
407391.8918918919,0.5855855855855856,0.5112922872862591,0.6103778078621653,0.00011956478907884217
408088.2882882883,0.5865865865865866,0.5059262293721861,0.6101479091921264,0.00011826538459462132
408784.6846846847,0.5875875875875876,0.5006164887119683,0.6099178142790316,0.00011698004751303582
409481.0810810811,0.5885885885885886,0.49536247425102947,0.60968752329011,0.00011570862610892622
410177.4774774775,0.5895895895895896,0.4901636011379656,0.609457036392164,0.00011445097028749879
410873.8738738739,0.5905905905905906,0.4850192906594385,0.6092263537515705,0.000113206931566872
411570.2702702703,0.5915915915915916,0.479928970175758,0.608995475534284,0.00011197636306081027
412266.6666666667,0.5925925925925927,0.4748920730571381,0.6087644019058369,0.00011075911946164129
412963.0630630631,0.5935935935935936,0.46990803862062414,0.6085331330313424,0.00010955505702335607
413659.45945945947,0.5945945945945946,0.4649763120676771,0.6083016690754955,0.00010836403354488789
414355.85585585586,0.5955955955955956,0.46009634442241854,0.6080700102025758,0.00010718590835357127
415052.25225225225,0.5965965965965966,0.4552675924705205,0.6078381565764479,0.00010602054228877601
415748.64864864864,0.5975975975975976,0.45048951869873766,0.6076061083605641,0.0001048677976857164
416445.0450450451,0.5985985985985987,0.445761591235073,0.6073738657179657,0.00010372753835943293
417141.4414414415,0.5995995995995996,0.4410832837895756,0.6071414288112852,0.0001025996295889455
417837.83783783787,0.6006006006006006,0.4364540755957521,0.6069087978027473,0.00010148393810157399
418534.23423423426,0.6016016016016016,0.43187345135260036,0.6066759728541712,0.00010038033205742802
419230.63063063065,0.6026026026026027,0.42734090116724754,0.6064429541269718,9.928868103406088e-05
419927.02702702704,0.6036036036036037,0.42285592049819304,0.606209741782162,9.820885601128806e-05
420623.42342342343,0.6046046046046046,0.4184180100991427,0.6059763359803538,9.71407293561668e-05
421319.8198198198,0.6056056056056056,0.4140266759634372,0.6057427368817601,9.608417480813659e-05
422016.2162162162,0.6066066066066066,0.40968142926906054,0.6055089446461964,9.503906746431812e-05
422712.6126126126,0.6076076076076076,0.40538178632422744,0.6052749594330827,9.400528376496882e-05
423409.00900900905,0.6086086086086087,0.4011272685135404,0.6050407814014447,9.298270147909378e-05
424105.40540540544,0.6096096096096096,0.396917402244714,0.6048064107099155,9.197119969021048e-05
424801.80180180183,0.6106106106106106,0.39275171889585486,0.6045718475167375,9.097065878226476e-05
425498.1981981982,0.6116116116116116,0.38862975476329814,0.6043370919797639,8.998096042569759e-05
426194.5945945946,0.6126126126126127,0.38455105100998965,0.6041021442564599,8.90019875636605e-05
426890.990990991,0.6136136136136137,0.3805151536144127,0.6038670045039048,8.803362439837844e-05
427587.3873873874,0.6146146146146146,0.376521613320045,0.6036316728787935,8.70757563776571e-05
428283.7837837838,0.6156156156156156,0.372569985585351,0.6033961495374376,8.612827018153524e-05
428980.1801801802,0.6166166166166166,0.36865983053429896,0.6031604346357675,8.519105370907963e-05
429676.57657657657,0.6176176176176176,0.364790712907395,0.6029245283293339,8.426399606532018e-05
430372.972972973,0.6186186186186187,0.36096220201323126,0.6026884307733088,8.334698754832481e-05
431069.3693693694,0.6196196196196196,0.35717387168054654,0.6024521421224878,8.243991963641311e-05
431765.7657657658,0.6206206206206206,0.3534253002107829,0.6022156625312908,8.154268497550489e-05
432462.1621621622,0.6216216216216217,0.34971607033114654,0.6019789921537645,8.06551773666053e-05
433158.5585585586,0.6226226226226227,0.3460457691481595,0.6017421311435829,7.977729175342308e-05
433854.95495495497,0.6236236236236237,0.34241398810169654,0.6015050796540495,7.890892421012055e-05
434551.35135135136,0.6246246246246246,0.33882032291950764,0.6012678378380986,7.804997192919523e-05
435247.74774774775,0.6256256256256256,0.3352643735722158,0.6010304058482963,7.720033320949012e-05
435944.14414414414,0.6266266266266266,0.33174574422878766,0.6007927838368429,7.635990744433261e-05
436640.54054054053,0.6276276276276276,0.32826404321247216,0.6005549719555735,7.552859510979979e-05
437336.936936937,0.6286286286286287,0.3248188829571996,0.60031697035596,7.470629775310875e-05
438033.3333333334,0.6296296296296297,0.32140987996444187,0.6000787791891123,7.389291798113198e-05
438729.72972972976,0.6306306306306306,0.31803665476052095,0.59984039860578,7.308835944903385e-05
439426.12612612615,0.6316316316316317,0.3146988318543683,0.5996018287563532,7.229252684902977e-05
440122.52252252254,0.6326326326326327,0.3113960396957294,0.5993630697908646,7.150532589926524e-05
440818.91891891893,0.6336336336336337,0.3081279106338007,0.5991241218589908,7.072666333281275e-05
441515.3153153153,0.6346346346346347,0.30489408087630715,0.5988849851100534,6.995644688678744e-05
442211.7117117117,0.6356356356356356,0.3016941904490058,0.5986456596930205,6.919458529157832e-05
442908.1081081081,0.6366366366366366,0.2985278831556155,0.5984061457565085,6.84409882601948e-05
443604.5045045045,0.6376376376376376,0.29539480653816647,0.5981664434487828,6.769556647772697e-05
444300.90090090095,0.6386386386386387,0.2922946118377664,0.5979265529177595,6.695823159091842e-05
444997.29729729734,0.6396396396396397,0.2892269539557793,0.5976864743110072,6.622889619785089e-05
445693.6936936937,0.6406406406406406,0.28619149141540917,0.5974462077757478,6.550747383773841e-05
446390.0900900901,0.6416416416416417,0.2831878863236893,0.5972057534588575,6.479387898083109e-05
447086.4864864865,0.6426426426426427,0.2802158043338704,0.5969651115068695,6.408802701842691e-05
447782.8828828829,0.6436436436436437,0.2772749146082012,0.5967242820659739,6.338983425298956e-05
448479.2792792793,0.6446446446446447,0.2743648897811023,0.59648326528202,6.269921788837262e-05
449175.6756756757,0.6456456456456456,0.27148540592272496,0.5962420613005169,6.201609602014772e-05
449872.0720720721,0.6466466466466466,0.26863614250289297,0.5960006702666355,6.134038762603654e-05
450568.46846846846,0.6476476476476476,0.265816782355423,0.5957590923252092,6.067201255644467e-05
451264.8648648649,0.6486486486486487,0.2630270116428184,0.5955173276207356,6.001089152509683e-05
451961.2612612613,0.6496496496496497,0.26026651982133575,0.5952753762973779,5.935694609977242e-05
452657.6576576577,0.6506506506506508,0.2575349996064145,0.5950332384989657,5.87100986931394e-05
453354.0540540541,0.6516516516516517,0.2548321469384746,0.5947909143689967,5.807027255368738e-05
454050.4504504505,0.6526526526526527,0.2521576609490668,0.5945484040506376,5.74373917567562e-05
454746.84684684686,0.6536536536536537,0.2495112439273833,0.594305707686726,5.681138119566162e-05
455443.24324324325,0.6546546546546547,0.24689260128711776,0.5940628254197708,5.6192166572915224e-05
456139.63963963964,0.6556556556556556,0.24430144153367314,0.5938197573919545,5.557967439153855e-05
456836.03603603604,0.6566566566566566,0.2417374762317142,0.5935765037451333,5.497383194646992e-05
457532.4324324324,0.6576576576576576,0.2392004199730601,0.5933330646208391,5.4374567316063225e-05
458228.8288288289,0.6586586586586587,0.2366899903449138,0.5930894401602808,5.3781809353677535e-05
458925.22522522527,0.6596596596596597,0.2342059078984265,0.5928456305043448,5.3195487679356995e-05
459621.62162162166,0.6606606606606608,0.23174789611758878,0.5926016357935971,5.2615532671599046e-05
460318.01801801805,0.6616616616616617,0.2293156813884523,0.5923574561682841,5.204187545921156e-05
461014.41441441444,0.6626626626626627,0.22690899296867062,0.5921130917683334,5.147444791325619e-05
461710.8108108108,0.6636636636636637,0.22452756295736256,0.5918685427333559,5.0913182639078576e-05
462407.2072072072,0.6646646646646647,0.2221711262652904,0.5916238092026461,5.0358012968423435e-05
463103.6036036036,0.6656656656656657,0.21983942058535144,0.5913788913151843,4.980887295163417e-05
463800.0,0.6666666666666666,0.21753218636337937,0.5911337892096366,4.9265697349935836e-05
464496.3963963964,0.6676676676676676,0.2152491667692519,0.5908885030243568,4.872842162780072e-05
465192.79279279284,0.6686686686686687,0.21299010766830118,0.5906430328973876,4.8196981945395435e-05
465889.18918918923,0.6696696696696697,0.21075475759302645,0.5903973789664618,4.767131515110943e-05
466585.5855855856,0.6706706706706708,0.2085428677150994,0.5901515413690027,4.7151358774162305e-05
467281.981981982,0.6716716716716717,0.20635419181766787,0.5899055202421263,4.663705101729147e-05
467978.3783783784,0.6726726726726727,0.20418848626794703,0.5896593157226419,4.6128330749517194e-05
468674.7747747748,0.6736736736736737,0.20204550999009988,0.5894129279470529,4.5625137498985496e-05
469371.1711711712,0.6746746746746747,0.1999250244384016,0.5891663570515588,4.5127411445887414e-05
470067.5675675676,0.6756756756756757,0.19782679357068608,0.5889196031720558,4.463509341545429e-05
470763.96396396396,0.6766766766766766,0.19575058382207058,0.588672666444138,4.414812487102777e-05
471460.36036036036,0.6776776776776777,0.1936961640789564,0.5884255470030981,4.366644790720403e-05
472156.7567567568,0.6786786786786787,0.19166330565330308,0.5881782449839297,4.31900052430517e-05
472853.1531531532,0.6796796796796798,0.18965178225717064,0.5879307605213269,4.2718740215401716e-05
473549.5495495496,0.6806806806806808,0.187661369977532,0.5876830937496864,4.225259677220986e-05
474245.945945946,0.6816816816816818,0.1856918472513464,0.5874352448031085,4.179151946598951e-05
474942.34234234237,0.6826826826826827,0.1837429948408972,0.5871872138153978,4.133545344731527e-05
475638.73873873876,0.6836836836836837,0.18181459580938703,0.5869390009200648,4.0884344458395994e-05
476335.13513513515,0.6846846846846847,0.17990643549678936,0.5866906062503261,4.043813882671647e-05
477031.53153153154,0.6856856856856857,0.17801830149595377,0.5864420299391065,3.999678345874737e-05
477727.9279279279,0.6866866866866866,0.17614998362896167,0.5861932721190397,3.9560225833722485e-05
478424.3243243243,0.6876876876876877,0.17430127392373013,0.5859443329224688,3.9128413997482464e-05
479120.72072072077,0.6886886886886887,0.17247196659086247,0.5856952124814484,3.8701296556384905e-05
479817.11711711716,0.6896896896896898,0.1706618580007391,0.5854459109277447,3.82788226712789e-05
480513.51351351355,0.6906906906906908,0.16887074666085197,0.585196428392837,3.786094205154493e-05
481209.90990990994,0.6916916916916918,0.16709843319337436,0.5849467650079189,3.7447604949197956e-05
481906.30630630633,0.6926926926926927,0.16534472031296774,0.5846969209038987,3.703876215305409e-05
482602.7027027027,0.6936936936936937,0.16360941280482058,0.5844468962114012,3.6634364982959486e-05
483299.0990990991,0.6946946946946947,0.16189231750291827,0.5841966910607682,3.623436528408119e-05
483995.4954954955,0.6956956956956957,0.16019324326854056,0.5839463055820597,3.5838715421259016e-05
484691.8918918919,0.6966966966966966,0.15851200096898502,0.583695739905055,3.544736827341803e-05
485388.2882882883,0.6976976976976977,0.15684840345651366,0.5834449941592532,3.506027722804083e-05
486084.68468468473,0.6986986986986987,0.15520226554752092,0.5831940684738751,3.467739617569916e-05
486781.0810810811,0.6996996996996998,0.1535734040019191,0.5829429629778635,3.4298679504643785e-05
487477.4774774775,0.7007007007007008,0.15196163750274203,0.5826916777998845,3.392408209545282e-05
488173.8738738739,0.7017017017017018,0.15036678663596076,0.5824402130683283,3.35535593157369e-05
488870.2702702703,0.7027027027027027,0.14878867387051267,0.58218856891131,3.3187067014901406e-05
489566.6666666667,0.7037037037037037,0.1472271235385393,0.5819367454566714,3.282456151896472e-05
490263.0630630631,0.7047047047047047,0.14568196181583204,0.581684742831981,3.246599962543194e-05
490959.45945945947,0.7057057057057057,0.14415301670248276,0.5814325611645356,3.211133859822368e-05
491655.85585585586,0.7067067067067067,0.14264011800373758,0.581180200581361,3.176053616265902e-05
492352.25225225225,0.7077077077077077,0.1411430973110514,0.580927661209213,3.141355050049228e-05
493048.6486486487,0.7087087087087087,0.13966178798334256,0.5806749431745785,3.107034024500327e-05
493745.0450450451,0.7097097097097098,0.1381960251284414,0.580422046603676,3.073086447613958e-05
494441.4414414415,0.7107107107107108,0.13674564558473687,0.5801689716224573,3.0395082715711504e-05
495137.83783783787,0.7117117117117118,0.13531048790301314,0.5799157183566077,3.0062954922638123e-05
495834.23423423426,0.7127127127127127,0.13389039232847827,0.5796622869315473,2.9734441488244448e-05
496530.63063063065,0.7137137137137137,0.1324852007829811,0.5794086774724321,2.9409503231609045e-05
497227.02702702704,0.7147147147147147,0.1310947568474147,0.5791548901041543,2.9088101394961414e-05
497923.42342342343,0.7157157157157157,0.1297189057443045,0.5789009249513442,2.877019763912878e-05
498619.8198198198,0.7167167167167168,0.1283574943205792,0.5786467821383698,2.8455754039031607e-05
499316.2162162162,0.7177177177177178,0.12701037103052285,0.5783924617893392,2.8144733079227642e-05
500012.61261261266,0.7187187187187188,0.12567738591890468,0.5781379640281002,2.7837097649503292e-05
500709.00900900905,0.7197197197197198,0.12435839060428819,0.5778832889782423,2.7532811040512907e-05
501405.40540540544,0.7207207207207208,0.1230532382625125,0.5776284367630965,2.7231836939464073e-05
502101.80180180183,0.7217217217217218,0.12176178361034959,0.5773734075057372,2.693413942584981e-05
502798.1981981982,0.7227227227227228,0.1204838828893318,0.5771182013289825,2.663968296722618e-05
503494.5945945946,0.7237237237237237,0.11921939384974932,0.5768628183553952,2.6348432415035286e-05
504190.990990991,0.7247247247247247,0.11796817573481569,0.5766072587072839,2.6060353000473075e-05
504887.3873873874,0.7257257257257257,0.11673008926499938,0.5763515225067036,2.5775410330401387e-05
505583.7837837838,0.7267267267267268,0.11550499662251983,0.5760956098754566,2.5493570383303917e-05
506280.1801801802,0.7277277277277278,0.1142927614360066,0.5758395209350937,2.5214799505285597e-05
506976.5765765766,0.7287287287287288,0.11309324876531848,0.5755832558069146,2.4939064406114654e-05
507672.972972973,0.7297297297297298,0.11190632508652341,0.575326814611969,2.466633215530749e-05
508369.3693693694,0.7307307307307308,0.11073185827703456,0.5750701974710576,2.439657017825518e-05
509065.7657657658,0.7317317317317318,0.10956971760090345,0.5748134045047326,2.4129746252391782e-05
509762.1621621622,0.7327327327327328,0.10841977369426697,0.5745564358332989,2.3865828503403655e-05
510458.5585585586,0.7337337337337337,0.10728189855094726,0.5742992915768147,2.3604785401479485e-05
511154.95495495497,0.7347347347347347,0.10615596550820265,0.5740419718550924,2.334658575760045e-05
511851.35135135136,0.7357357357357357,0.10504184923262815,0.5737844767876996,2.3091198719870298e-05
512547.74774774775,0.7367367367367368,0.10393942570620388,0.5735268064939598,2.2838593769884725e-05
513244.14414414414,0.7377377377377378,0.10284857221249041,0.5732689610929529,2.258874071913981e-05
513940.5405405406,0.7387387387387389,0.10176916732296773,0.5730109407035169,2.234160970547877e-05
514636.936936937,0.7397397397397398,0.10070109088351957,0.5727527454442477,2.209717118957723e-05
515333.3333333334,0.7407407407407408,0.0996442240010572,0.5724943754335007,2.185539595146567e-05
516029.72972972976,0.7417417417417418,0.09859844903028561,0.572235830789391,2.1616255087089717e-05
516726.12612612615,0.7427427427427428,0.0975636495606076,0.5719771116297949,2.1379720004907054e-05
517422.52252252254,0.7437437437437437,0.09653971040316552,0.5717182180723502,2.1145762422520915e-05
518118.91891891893,0.7447447447447447,0.09552651757801896,0.5714591502344569,2.0914354363349733e-05
518815.3153153153,0.7457457457457458,0.09452395830145706,0.5711999082332784,2.0685468153332523e-05
519511.7117117117,0.7467467467467468,0.09353192097344423,0.5709404921857422,2.0459076417669686e-05
520208.1081081081,0.7477477477477478,0.09255029516519692,0.5706809022085405,2.023515207759862e-05
520904.50450450456,0.7487487487487489,0.09157897160689146,0.570421138418131,2.0013668347204152e-05
521600.90090090095,0.7497497497497498,0.09061784217550091,0.5701612009307382,1.9794598730263136e-05
522297.29729729734,0.7507507507507508,0.08966679988275884,0.5699010898623532,1.957791701712285e-05
522993.6936936937,0.7517517517517518,0.08872573886325029,0.5696408053287355,1.9363597281613007e-05
523690.0900900901,0.7527527527527528,0.08779455436262718,0.5693803474454129,1.9151613877990877e-05
524386.4864864865,0.7537537537537538,0.0868731427259476,0.5691197163276831,1.8941941437919216e-05
525082.882882883,0.7547547547547548,0.08596140138613732,0.5688589120906138,1.873455486747661e-05
525779.2792792793,0.7557557557557558,0.08505922885257314,0.5685979348490438,1.852942934420007e-05
526475.6756756757,0.7567567567567568,0.08416652469978449,0.5683367847175835,1.8326540314159093e-05
527172.0720720721,0.7577577577577578,0.08328318955627503,0.5680754618106161,1.812586348906141e-05
527868.4684684685,0.7587587587587589,0.08240912509346113,0.5678139662422979,1.7927374843389705e-05
528564.8648648649,0.7597597597597597,0.0815442340147268,0.5675522981265592,1.7731050611569216e-05
529261.2612612613,0.7607607607607608,0.08068842004459197,0.5672904575771051,1.7536867285165376e-05
529957.6576576576,0.7617617617617617,0.07984158791799689,0.5670284447074162,1.7344801610112123e-05
530654.0540540541,0.7627627627627628,0.07900364336969652,0.5667662596307494,1.7154830583969392e-05
531350.4504504505,0.7637637637637639,0.07817449312376833,0.5665039024601387,1.696693145321058e-05
532046.8468468469,0.7647647647647647,0.07735404488322889,0.5662413733083955,1.678108171053882e-05
532743.2432432433,0.7657657657657658,0.07654220731975937,0.5659786722881098,1.6597259092232085e-05
533439.6396396396,0.7667667667667668,0.07573889006354016,0.5657157995116509,1.641544157551707e-05
534136.0360360361,0.7677677677677679,0.07494400369319083,0.5654527550911677,1.6235607375971034e-05
534832.4324324324,0.7687687687687688,0.07415745972581632,0.5651895391385899,1.6057734944951674e-05
535528.8288288289,0.7697697697697699,0.07337917060715708,0.5649261517656284,1.5881802967054476e-05
536225.2252252252,0.7707707707707707,0.07260904970184377,0.5646625930837763,1.5707790357597688e-05
536921.6216216217,0.7717717717717718,0.07184701128375243,0.5643988632043093,1.553567626013389e-05
537618.018018018,0.7727727727727727,0.07109297052646302,0.5641349622382865,1.5365440043988782e-05
538314.4144144144,0.7737737737737738,0.07034684349381527,0.5638708902965512,1.5197061301825804e-05
539010.8108108109,0.7747747747747749,0.06960854713056754,0.5636066474897318,1.5030519847237758e-05
539707.2072072072,0.7757757757757758,0.06887799925314973,0.5633422339282416,1.4865795712363473e-05
540403.6036036037,0.7767767767767769,0.06815511854051547,0.5630776497222807,1.4702869145530534e-05
541100.0,0.7777777777777778,0.06743982452509036,0.5628128949818361,1.4541720608923405e-05
541796.3963963964,0.7787787787787789,0.06673203758381391,0.5625479698166818,1.4382330776276246e-05
542492.7927927928,0.7797797797797797,0.0660316789292772,0.5622828743363809,1.4224680530591006e-05
543189.1891891892,0.7807807807807808,0.06533867060095165,0.5620176086502848,1.4068750961879539e-05
543885.5855855856,0.7817817817817817,0.06465293545651184,0.5617521728675352,1.391452336493048e-05
544581.981981982,0.7827827827827828,0.06397439716324739,0.5614865670970632,1.3761979237099645e-05
545278.3783783783,0.7837837837837838,0.06330298018956691,0.5612207914475918,1.3611100276124663e-05
545974.7747747748,0.7847847847847849,0.06263860979658957,0.5609548460276352,1.3461868377962703e-05
546671.1711711712,0.7857857857857858,0.061981212029825775,0.5606887309455,1.3314265634651667e-05
547367.5675675676,0.7867867867867868,0.06133071371094494,0.5604224463092856,1.3168274332194338e-05
548063.963963964,0.7877877877877879,0.06068704242962923,0.5601559922268853,1.3023876948465148e-05
548760.3603603604,0.7887887887887888,0.06005012653551398,0.5598893688059867,1.288105615113976e-05
549456.7567567568,0.7897897897897899,0.059419895130210995,0.5596225761540721,1.273979479564648e-05
550153.1531531531,0.7907907907907907,0.05879627805941738,0.5593556143784195,1.2600075923140153e-05
550849.5495495496,0.7917917917917918,0.05817920590510548,0.5590884835861033,1.2461882758497427e-05
551545.9459459459,0.7927927927927928,0.05756860997779628,0.5588211838839947,1.2325198708333926e-05
552242.3423423424,0.7937937937937938,0.056964422308912965,0.5585537153787622,1.2190007359042539e-05
552938.7387387388,0.7947947947947949,0.05636657564321465,0.5582860781768728,1.2056292474852784e-05
553635.1351351351,0.7957957957957958,0.055775003431310456,0.5580182723845922,1.1924037995911244e-05
554331.5315315316,0.7967967967967969,0.05518963982225119,0.5577502981079854,1.179322803638245e-05
555027.9279279279,0.7977977977977978,0.0546104196561993,0.5574821554529177,1.1663846882570314e-05
555724.3243243244,0.7987987987987989,0.05403727845717522,0.5572138445250547,1.1535878991059608e-05
556420.7207207207,0.7997997997997998,0.05347015242588088,0.5569453654298638,1.1409308986877702e-05
557117.1171171172,0.8008008008008008,0.05290897843259714,0.5566767182726141,1.1284121661675774e-05
557813.5135135135,0.8018018018018017,0.05235369401015724,0.5564079031583772,1.1160301971929878e-05
558509.9099099099,0.8028028028028028,0.0518042373469925,0.5561389201920279,1.103783503716105e-05
559206.3063063063,0.8038038038038038,0.05126054728025249,0.555869769478245,1.0916706138174902e-05
559902.7027027027,0.8048048048048049,0.050722563288995895,0.5556004511215114,1.0796900715319808e-05
560599.0990990992,0.805805805805806,0.050190225487454575,0.5553309652261151,1.0678404366764218e-05
561295.4954954955,0.8068068068068068,0.049663474618366565,0.55506131189615,1.0561202846792117e-05
561991.891891892,0.8078078078078079,0.04914225204637994,0.5547914912355159,1.044528206411703e-05
562688.2882882883,0.8088088088088088,0.04862649975152637,0.5545215033479192,1.0330628080214265e-05
563384.6846846847,0.8098098098098099,0.04811616032276187,0.5542513483368743,1.021722710767082e-05
564081.0810810811,0.8108108108108107,0.047611176951576815,0.5539810263057033,1.0105065508553372e-05
564777.4774774775,0.8118118118118118,0.04711149342567157,0.5537105373575368,9.99412979279349e-06
565473.8738738738,0.8128128128128128,0.04661705412269993,0.5534398815953148,9.884406616590586e-06
566170.2702702703,0.8138138138138139,0.04612780400407679,0.553169059121787,9.775882780831706e-06
566866.6666666667,0.8148148148148149,0.045643688608852144,0.5528980700395134,9.668545229528617e-06
567563.0630630631,0.8158158158158159,0.04516465404764848,0.5526269144508651,9.562381048271555e-06
568259.4594594595,0.816816816816817,0.044690646996661774,0.5523555924580246,9.457377462699575e-06
568955.8558558559,0.8178178178178178,0.044221614691726675,0.5520841041629866,9.353521836987657e-06
569652.2522522523,0.8188188188188189,0.04375750492244157,0.5518124496675584,9.250801672349567e-06
570348.6486486486,0.8198198198198198,0.04329826602635857,0.5515406290733604,9.149204605557537e-06
571045.0450450451,0.8208208208208209,0.042843846883230854,0.5512686424818274,9.04871840747712e-06
571741.4414414414,0.8218218218218218,0.042394196909323945,0.5509964899942078,8.949330981618545e-06
572437.8378378379,0.8228228228228228,0.04194926605178356,0.5507241717115656,8.851030362703058e-06
573134.2342342342,0.8238238238238238,0.04150900478306493,0.55045168773478,8.75380471524513e-06
573830.6306306307,0.8248248248248249,0.04107336409541894,0.5501790381645465,8.657642332149657e-06
574527.0270270271,0.825825825825826,0.040642295495437415,0.5499062231013769,8.562531633324466e-06
575223.4234234234,0.8268268268268268,0.04021575099865478,0.5496332426456005,8.468461164307624e-06
575919.8198198199,0.8278278278278279,0.039793683124206454,0.5493600968973642,8.375419594909536e-06
576616.2162162162,0.8288288288288288,0.03937604488954404,0.5490867859566334,8.28339571786981e-06
577312.6126126127,0.8298298298298299,0.03896278980520488,0.548813309923192,8.192378447528348e-06
578009.009009009,0.8308308308308308,0.03855387186963762,0.5485396688966436,8.102356818511024e-06
578705.4054054054,0.8318318318318318,0.03814924556408099,0.5482658629764116,8.013319984429239e-06
579401.8018018018,0.8328328328328328,0.03774886584749737,0.5479918922617398,7.92525721659374e-06
580098.1981981982,0.8338338338338339,0.03735268815155876,0.5477177568516933,7.8381579027421e-06
580794.5945945947,0.8348348348348349,0.036960668375685755,0.5474434568451586,7.752011545780014e-06
581490.990990991,0.8358358358358359,0.036572762882138295,0.5471689923408442,7.666807762536066e-06
582187.3873873875,0.836836836836837,0.03618892849115842,0.5468943634372812,7.5825362825300325e-06
582883.7837837838,0.8378378378378378,0.0358091224761636,0.5466195702328243,7.499186946754366e-06
583580.1801801802,0.8388388388388389,0.03543330255899036,0.546344612825651,7.416749706468756e-06
584276.5765765766,0.8398398398398398,0.03506142690518856,0.5460694913137643,7.335214622007864e-06
584972.972972973,0.8408408408408409,0.034693454119364094,0.5457942057949905,7.254571861601665e-06
585669.3693693693,0.8418418418418419,0.03432934324057135,0.5455187563669823,7.17481170020872e-06
586365.7657657658,0.8428428428428429,0.03396905373775342,0.5452431431272176,7.095924518361861e-06
587062.1621621621,0.8438438438438438,0.033612545505230504,0.5449673661730006,7.017900801026412e-06
587758.5585585586,0.8448448448448449,0.033259778858235285,0.5446914256014626,6.940731136470611e-06
588454.954954955,0.845845845845846,0.03291071452849576,0.544415321509562,6.86440621514835e-06
589151.3513513514,0.8468468468468469,0.03256531365986397,0.544139053994085,6.78891682859384e-06
589847.7477477478,0.847847847847848,0.03222353780399044,0.5438626231516464,6.7142538683281806e-06
590544.1441441441,0.8488488488488488,0.03188534891604482,0.5435860290786896,6.640408324777844e-06
591240.5405405406,0.8498498498498499,0.031550709350480356,0.5433092718714874,6.56737128620463e-06
591936.9369369369,0.8508508508508509,0.03121958185684391,0.5430323516261424,6.495133937647353e-06
592633.3333333334,0.8518518518518519,0.03089192957562891,0.5427552684385879,6.423687559874734e-06
593329.7297297297,0.8528528528528528,0.030567716034172805,0.5424780224045875,6.3530235283497795e-06
594026.1261261262,0.8538538538538539,0.03024690514259659,0.5422006136197368,6.283133312205119e-06
594722.5225225226,0.854854854854855,0.02992946118978808,0.5419230421794626,6.214008473229624e-06
595418.9189189189,0.8558558558558559,0.029615348839426202,0.5416453081790246,6.145640664865718e-06
596115.3153153154,0.856856856856857,0.029304533126047624,0.5413674117135148,6.078021631217616e-06
596811.7117117117,0.8578578578578578,0.02899697945115489,0.541089352877859,6.011143206070318e-06
597508.1081081082,0.8588588588588589,0.028692653579364454,0.5408111317668164,5.944997311918964e-06
598204.5045045045,0.8598598598598598,0.028391521634596704,0.5405327484749809,5.879575959008996e-06
598900.900900901,0.8608608608608609,0.02809355009630389,0.5402542030967807,5.814871244386224e-06
599597.2972972973,0.8618618618618619,0.027798705795739936,0.5399754957264797,5.750875350957626e-06
600293.6936936937,0.862862862862863,0.027506955912267293,0.5396966264581773,5.687580546561823e-06
600990.0900900901,0.8638638638638638,0.027218267969704172,0.5394175953858091,5.624979183049931e-06
601686.4864864865,0.8648648648648649,0.02693260983270899,0.5391384026031474,5.563063695376069e-06
602382.882882883,0.865865865865866,0.026649949703203567,0.5388590482038016,5.501826600697874e-06
603079.2792792793,0.8668668668668669,0.026370256116833385,0.538579532281219,5.441260497486587e-06
603775.6756756757,0.867867867867868,0.026093497939464964,0.5382998549286846,5.381358064646753e-06
604472.0720720721,0.8688688688688688,0.02581964436372052,0.5380200162393223,5.322112060645512e-06
605168.4684684685,0.8698698698698699,0.02554866490554823,0.5377400163060947,5.26351532265113e-06
605864.8648648649,0.8708708708708709,0.025280529400829244,0.5374598552218042,5.205560765680975e-06
606561.2612612613,0.871871871871872,0.025015208002019777,0.5371795330790929,5.148241381758578e-06
607257.6576576576,0.8728728728728729,0.024752671174828694,0.5368990499704436,5.0915502390798296e-06
607954.0540540541,0.8738738738738739,0.02449288969492974,0.5366184059881796,5.035480481188145e-06
608650.4504504505,0.874874874874875,0.024235834644708697,0.5363376012244658,4.980025326158589e-06
609346.8468468469,0.8758758758758759,0.023981477410044253,0.5360566357713089,4.925178065790743e-06
610043.2432432433,0.876876876876877,0.02372978967712273,0.5357755097205575,4.870932064810269e-06
610739.6396396396,0.8778778778778779,0.023480743429286594,0.5354942231639033,4.817280760079185e-06
611436.0360360361,0.8788788788788789,0.023234310943915454,0.5352127761928807,4.7642176598145245e-06
612132.4324324324,0.8798798798798799,0.0229904647893404,0.534931168898868,4.711736342815561e-06
612828.8288288289,0.8808808808808809,0.022749177821790326,0.5346494013730877,4.659830457699281e-06
613525.2252252252,0.8818818818818819,0.022510423182370284,0.5343674737066061,4.608493722144117e-06
614221.6216216217,0.882882882882883,0.022274174294071934,0.5340853859903348,4.557719922141901e-06
614918.018018018,0.8838838838838838,0.022040404858815005,0.533803138315031,4.507502911257846e-06
615614.4144144144,0.8848848848848849,0.021809088854519775,0.5335207307712972,4.457836609898469e-06
616310.8108108109,0.885885885885886,0.021580200532210696,0.5332381634495825,4.408715004587543e-06
617007.2072072072,0.8868868868868869,0.021353714413149986,0.5329554364401825,4.360132147249744e-06
617703.6036036037,0.887887887887888,0.021129605286001364,0.5326725498332396,4.312082154502056e-06
618400.0,0.8888888888888888,0.02090784820402392,0.5323895037187443,4.264559206952905e-06
619096.3963963964,0.8898898898898899,0.020688418482294847,0.5321062981865345,4.217557548508725e-06
619792.7927927928,0.8908908908908909,0.020471291694961934,0.5318229333262969,4.171071485688151e-06
620489.1891891892,0.891891891891892,0.02025644367252429,0.5315394092275667,4.125095386943474e-06
621185.5855855856,0.8928928928928929,0.020043850499142354,0.5312557259797285,4.079623681989595e-06
621881.981981982,0.893893893893894,0.01983348850997504,0.5309718836720164,4.034650861139985e-06
622578.3783783785,0.894894894894895,0.019625334288546216,0.5306878823935148,3.9901714746500995e-06
623274.7747747748,0.8958958958958959,0.019419364664137604,0.5304037222331583,3.946180132067642e-06
623971.1711711712,0.896896896896897,0.019215556709209606,0.5301194032797326,3.9026715015899514e-06
624667.5675675676,0.8978978978978979,0.019013887736849318,0.5298349256218748,3.859640309428358e-06
625363.963963964,0.898898898898899,0.018814335298244864,0.5295502893480734,3.817081339179299e-06
626060.3603603604,0.8998998998998999,0.018616877180186776,0.5292654945466693,3.774989431202351e-06
626756.7567567568,0.9009009009009009,0.018421491402595063,0.528980541305856,3.7333594820048585e-06
627453.1531531531,0.9019019019019019,0.018228156216072742,0.5286954297136799,3.6921864436333134e-06
628149.5495495496,0.902902902902903,0.018036850099484563,0.5284101598580405,3.651465323071218e-06
628845.9459459459,0.9039039039039038,0.01784755175756162,0.5281247318266917,3.6111911816435396e-06
629542.3423423424,0.9049049049049049,0.017660240118530623,0.5278391457072411,3.5713591344275e-06
630238.7387387388,0.905905905905906,0.017474894331768468,0.527553401587151,3.531964349669825e-06
630935.1351351351,0.9069069069069069,0.017291493765481322,0.5272674995537387,3.4930020482102544e-06
631631.5315315316,0.907907907907908,0.017110018004407545,0.526981439694177,3.4544675029111828e-06
632327.9279279279,0.908908908908909,0.01693044684754582,0.5266952220954944,3.4163560380936874e-06
633024.3243243244,0.9099099099099099,0.016752760305905876,0.5264088468445756,3.3786630289793823e-06
633720.7207207207,0.9109109109109109,0.016576938600283836,0.5261223140281618,3.341383901138524e-06
634417.1171171172,0.911911911911912,0.01640296215906019,0.5258356237328513,3.3045141299439274e-06
635113.5135135135,0.9129129129129129,0.016230811616021436,0.5255487760451,3.268049240030891e-06
635809.9099099099,0.913913913913914,0.016060467808204085,0.5252617710512208,3.231984804762861e-06
636506.3063063064,0.9149149149149151,0.015891911773761726,0.5249746088373858,3.196316445702961e-06
637202.7027027027,0.9159159159159159,0.015725124749854227,0.5246872894896247,3.1610398320911746e-06
637899.0990990992,0.916916916916917,0.015560088170559023,0.5243998130938268,3.1261506803271644e-06
638595.4954954955,0.9179179179179179,0.015396783664804672,0.5241121797357403,3.09164475345876e-06
639291.891891892,0.918918918918919,0.015235193054325654,0.5238243895009733,3.057517860675871e-06
639988.2882882883,0.91991991991992,0.015075298351639033,0.5235364424749939,3.0237658568099574e-06
640684.6846846847,0.920920920920921,0.014917081758042076,0.5232483387431307,2.9903846418388602e-06
641381.0810810811,0.9219219219219219,0.014760525661631038,0.5229600783905731,2.957370160396997e-06
642077.4774774775,0.922922922922923,0.014605612635340593,0.5226716615023717,2.9247184012908392e-06
642773.8738738738,0.9239239239239239,0.014452325435004113,0.5223830881634389,2.892425397019672e-06
643470.2702702703,0.924924924924925,0.014300646997433927,0.5220943584585487,2.8604872233014627e-06
644166.6666666667,0.925925925925926,0.014150560438522104,0.5218054724723377,2.8288999986039293e-06
644863.0630630631,0.9269269269269269,0.014002049051360932,0.5215164302893053,2.7976598836806297e-06
645559.4594594595,0.927927927927928,0.013855096304383092,0.5212272319938136,2.766763081112062e-06
646255.8558558559,0.928928928928929,0.013709685839521615,0.5209378776700886,2.7362058348517797e-06
646952.2522522523,0.92992992992993,0.013565801470388888,0.5206483674022198,2.7059844297773583e-06
647648.6486486486,0.9309309309309309,0.013423427180474807,0.5203587012741611,2.6760951912462296e-06
648345.0450450451,0.931931931931932,0.013282547121364027,0.5200688793697308,2.646534484656349e-06
649041.4414414414,0.9329329329329329,0.013143145610971733,0.5197789017726122,2.6172987150115857e-06
649737.8378378379,0.933933933933934,0.013005207131797907,0.5194887685663538,2.588384326491793e-06
650434.2342342343,0.9349349349349351,0.012868716329200147,0.51919847983437,2.559787802027594e-06
651130.6306306307,0.9359359359359359,0.012733658009684373,0.5189080356599408,2.531505662879701e-06
651827.0270270271,0.936936936936937,0.012600017139213517,0.5186174361262128,2.5035344682228014e-06
652523.4234234234,0.937937937937938,0.01246777884153415,0.5183266813161993,2.4758708147339812e-06
653219.8198198199,0.938938938938939,0.012336928396520352,0.5180357713127808,2.448511336185535e-06
653916.2162162162,0.93993993993994,0.012207451238535316,0.5177447061987048,2.4214527030422467e-06
654612.6126126127,0.940940940940941,0.012079332954809783,0.517453486056587,2.3946916220629655e-06
655309.009009009,0.9419419419419419,0.011952559283837955,0.5171621109689112,2.3682248359065675e-06
656005.4054054054,0.942942942942943,0.011827116113789586,0.5168705810180294,2.3420491227420634e-06
656701.8018018018,0.9439439439439439,0.011702989480939516,0.5165788962861627,2.3161612958630692e-06
657398.1981981982,0.944944944944945,0.01158016556811301,0.5162870568554012,2.290558203306316e-06
658094.5945945947,0.945945945945946,0.011458630703147852,0.5159950628077048,2.2652367274743794e-06
658790.990990991,0.9469469469469469,0.01133837135737246,0.5157029142249028,2.240193784762454e-06
659487.3873873875,0.947947947947948,0.011219374144099658,0.5154106111886951,2.2154263251891205e-06
660183.7837837838,0.948948948948949,0.011101625817136966,0.5151181537806523,2.190931332031237e-06
660880.1801801802,0.9499499499499501,0.010985113269311701,0.5148255420822152,2.166705821462617e-06
661576.5765765766,0.950950950950951,0.010869823531012228,0.5145327761746967,2.14274684219676e-06
662272.972972973,0.951951951951952,0.010755743768744053,0.5142398561392806,2.119051475133346e-06
662969.3693693693,0.9529529529529529,0.01064286128370142,0.513946782057023,2.095616833008631e-06
663665.7657657658,0.953953953953954,0.010531163510353596,0.513653554008852,2.0724400600495615e-06
664362.1621621622,0.9549549549549551,0.010420638015046264,0.5133601720755687,2.0495183316316894e-06
665058.5585585586,0.955955955955956,0.010311272494617404,0.5130666363378467,2.0268488539407507e-06
665754.954954955,0.956956956956957,0.010203054775027729,0.5127729468762328,2.004428863637911e-06
666451.3513513514,0.957957957957958,0.01009597281000562,0.5124791037711478,1.9822556275286647e-06
667147.7477477478,0.958958958958959,0.009990014679706151,0.5121851071028862,1.960326442235283e-06
667844.1441441441,0.95995995995996,0.009885168589384173,0.5118909569516167,1.938638633872813e-06
668540.5405405406,0.9609609609609611,0.009781422868081487,0.5115966533973826,1.9171895577286137e-06
669236.9369369369,0.9619619619619619,0.00967876596732763,0.5113021965201021,1.8959765979453274e-06
669933.3333333334,0.962962962962963,0.009577186459854316,0.5110075863995687,1.874997167207288e-06
670629.7297297297,0.9639639639639639,0.00947667303832352,0.5107128231154514,1.8542487064303557e-06
671326.1261261262,0.964964964964965,0.009377214514068663,0.5104179067472949,1.8337286844550564e-06
672022.5225225226,0.9659659659659661,0.009278799815849269,0.5101228373745205,1.8134345977431034e-06
672718.9189189189,0.9669669669669669,0.009181417988618507,0.5098276150764256,1.7933639700771592e-06
673415.3153153154,0.967967967967968,0.009085058192303687,0.5095322399321847,1.7735143522638576e-06
674111.7117117117,0.968968968968969,0.008989709700599698,0.5092367120208494,1.753883321840071e-06
674808.1081081082,0.9699699699699701,0.008895361899774929,0.5089410314213485,1.734468482782317e-06
675504.5045045045,0.970970970970971,0.008802004287489843,0.5086451982124891,1.7152674652193442e-06
676200.900900901,0.971971971971972,0.008709626471627839,0.5083492124729561,1.6962779251478028e-06
676897.2972972973,0.9729729729729729,0.00861821816913857,0.5080530742813125,1.6774975441510298e-06
677593.6936936937,0.973973973973974,0.008527769204893143,0.5077567837160009,1.6589240291208393e-06
678290.0900900902,0.9749749749749751,0.008438269510551603,0.5074603408553419,1.6405551119823648e-06
678986.4864864865,0.975975975975976,0.008349709123442104,0.5071637457775363,1.622388549421857e-06
679682.882882883,0.976976976976977,0.00826207818545189,0.5068669985606641,1.6044221226174273e-06
680379.2792792793,0.977977977977978,0.008175366941930029,0.5065700992826854,1.5866536369727394e-06
681075.6756756757,0.9789789789789791,0.008089565740601436,0.5062730480214406,1.569080921853537e-06
681772.0720720721,0.97997997997998,0.008004665030492636,0.5059758448546505,1.5517018303270925e-06
682468.4684684685,0.9809809809809811,0.007920655360868303,0.5056784898599171,1.5345142389043843e-06
683164.8648648649,0.9819819819819819,0.007837527380179588,0.5053809831147236,1.5175160472851868e-06
683861.2612612613,0.982982982982983,0.007755271835022812,0.505083324696434,1.5007051781057915e-06
684557.6576576576,0.9839839839839839,0.007673879569109753,0.504785514682295,1.4840795766895947e-06
685254.0540540541,0.984984984984985,0.007593341522248076,0.504487553149435,1.4676372108002547e-06
685950.4504504505,0.9859859859859861,0.007513648729333115,0.5041894401748648,1.4513760703976513e-06
686646.8468468469,0.9869869869869871,0.007434792319349711,0.5038911758354777,1.4352941673963896e-06
687343.2432432433,0.987987987987988,0.007356763514384769,0.5035927602080505,1.4193895354269658e-06
688039.6396396396,0.988988988988989,0.007279553628650229,0.5032941933692427,1.4036602295995323e-06
688736.0360360361,0.9899899899899901,0.0072031540675160915,0.5029954753955979,1.3881043262701858e-06
689432.4324324324,0.990990990990991,0.007127556326553813,0.5026966063635433,1.3727199228098286e-06
690128.8288288289,0.9919919919919921,0.00705275199058953,0.5023975863493901,1.3575051373754946e-06
690825.2252252252,0.9929929929929929,0.00697873273276743,0.5020984154293345,1.3424581086841997e-06
691521.6216216217,0.993993993993994,0.006905490313622736,0.501799093679457,1.3275769957891921e-06
692218.0180180181,0.9949949949949951,0.006833016580164614,0.5014996211757232,1.3128599778586753e-06
692914.4144144144,0.995995995995996,0.006761303464968635,0.5011999979939843,1.298305253956911e-06
693610.8108108109,0.9969969969969971,0.006690342985278592,0.5009002242099769,1.283911042827662e-06
694307.2072072072,0.997997997997998,0.006620127242118139,0.5006002998993234,1.2696755826800623e-06
695003.6036036037,0.9989989989989991,0.006550648419411291,0.5003002251375327,1.2555971309767167e-06
695700.0,1.0,0.006481898783112538,0.5,1.2416739642241744e-06
